Kecamatan,Sertifikat,Luas Tanah (MÂ²),Jenis Zona,Aksesibilitas,Tingkat Keamanan,Kepadatan_Penduduk,Jarak ke Pusat Kota (km),Nilai Jual Tanah (Rp)
Kenjeran,Lainnya,407.0,Perumahan,Buruk,rendah,181325,8.12,1139502134
Rungkut,HGB,1840.0,Perumahan,Buruk,tinggi,123757,19.06,6507230599
Gunung Anyar,HGB,1125.0,Komersial,Baik,rendah,62482,14.91,3149729485
Pakal,HGB,682.97,Industri,Baik,tinggi,59971,12.37,1222778627
Krembangan,HGB,2134.79,Industri,Baik,rendah,109027,3.96,12098953328
Gubeng,Lainnya,840.0,Komersial,Buruk,tinggi,123961,3.96,7104652974
Lakarsantri,SHM,521.0,Industri,Baik,tinggi,59256,2.1,808459889
Tambaksari,SHM,7427.0,Perumahan,Buruk,rendah,214966,17.46,26265870468
Sawahan,Lainnya,6772.0,Perumahan,Buruk,rendah,188693,12.42,14418539105
Gunung Anyar,HGB,7383.0,Perumahan,Buruk,rendah,62482,14.45,20670624700
Genteng,SHM,634.0,Komersial,Baik,rendah,52924,1.39,5905703314
Tandes,HGB,654.2,Komersial,Buruk,rendah,87511,19.43,2009276918
Krembangan,Lainnya,8754.35,Industri,Buruk,tinggi,109027,16.82,45158540728
Tambaksari,SHM,1835.0,Perumahan,Buruk,rendah,214966,5.03,6489547907
Jambangan,SHM,7277.44,Perumahan,Buruk,rendah,50470,4.45,27681185473
Sukolilo,SHM,4257.7,Perumahan,Buruk,rendah,110557,4.48,28053352067
Wonocolo,Lainnya,4294.93,Industri,Baik,rendah,75315,6.78,19196316280
Pabean Cantikan,SHM,7490.37,Perumahan,Baik,rendah,75315,10.97,34623582337
Krembangan,SHM,7910.68,Industri,Baik,rendah,109027,9.21,36945527524
Dukuh Pakis,HGB,10133.4,Perumahan,Buruk,tinggi,56707,6.53,80676306825
Kenjeran,SHM,1800.0,Perumahan,Baik,tinggi,181325,12.63,5039567176
Gunung Anyar,SHM,5127.0,Industri,Buruk,tinggi,62482,3.65,14354367173
Sambikerep,Lainnya,1125.0,Komersial,Baik,rendah,63778,6.55,1745714731
Gunung Anyar,HGB,375.0,Industri,Baik,tinggi,62482,7.96,1049909828
Gubeng,SHM,1740.0,Komersial,Baik,rendah,123961,9.67,14716781160
Tenggilis Mejoyo,Lainnya,8897.81,Komersial,Baik,rendah,61187,15.92,42103970907
Pabean Cantikan,HGB,287.89,Komersial,Buruk,tinggi,75315,4.79,1230905088
Gubeng,Lainnya,2250.0,Komersial,Baik,tinggi,123961,10.77,19030320465
Mulyorejo,SHM,7918.5,Perumahan,Buruk,tinggi,86545,12.26,17224899575
Pabean Cantikan,SHM,716.89,Industri,Buruk,rendah,75315,1.88,3267640507
Dukuh Pakis,Lainnya,5502.97,Industri,Buruk,tinggi,56707,12.54,39931666866
Sambikerep,Lainnya,150.0,Industri,Buruk,rendah,63778,4.24,232761964
Benowo,SHM,1860.0,Industri,Buruk,rendah,69938,2.24,2886248355
Benowo,Lainnya,1840.0,Industri,Buruk,tinggi,69938,19.03,2855213426
Bubutan,Lainnya,6629.89,Perumahan,Buruk,rendah,90646,19.35,41358826965
Bubutan,Lainnya,2718.1,Komersial,Baik,tinggi,90646,16.36,16519263016
Genteng,SHM,6000.0,Komersial,Buruk,rendah,52924,6.79,55889936727
Pabean Cantikan,SHM,6625.16,Perumahan,Buruk,tinggi,75315,2.86,28445549656
Bulak,SHM,3721.19,Perumahan,Buruk,rendah,43764,14.0,8680535014
Simokerto,SHM,3391.68,Perumahan,Baik,rendah,86897,9.36,12340814090
Semampir,Lainnya,9252.08,Perumahan,Baik,tinggi,172669,3.32,24019618666
Sukomanunggal,Lainnya,539.0,Industri,Baik,rendah,101259,10.41,4558818991
Sukomanunggal,HGB,813.0,Industri,Buruk,rendah,101259,1.65,6876289128
Sambikerep,HGB,3786.0,Perumahan,Buruk,rendah,63778,18.28,5874911974
Sukomanunggal,Lainnya,8140.0,Industri,Buruk,tinggi,101259,5.92,68847470484
Wonokromo,Lainnya,5252.0,Komersial,Baik,tinggi,144650,13.59,44420996926
Gubeng,Lainnya,181.0,Komersial,Baik,tinggi,123961,6.92,1530883557
Simokerto,Lainnya,3689.85,Perumahan,Buruk,tinggi,86897,10.88,14663997803
Sambikerep,Lainnya,72.0,Industri,Buruk,tinggi,63778,11.39,111725743
Pakal,Lainnya,9804.52,Industri,Buruk,rendah,59971,4.51,16672312174
Wiyung,Lainnya,180.0,Komersial,Baik,rendah,71605,19.42,383245280
Lakarsantri,SHM,600.0,Komersial,Baik,rendah,59256,15.73,931047856
Karang Pilang,HGB,5464.23,Industri,Baik,tinggi,75315,18.85,14294662641
Gunung Anyar,HGB,200.0,Perumahan,Baik,tinggi,62482,18.0,559951908
Mulyorejo,HGB,1736.03,Perumahan,Baik,tinggi,86545,12.36,3719246917
Jambangan,HGB,3833.63,Industri,Baik,tinggi,50470,18.52,13881167621
Gayungan,HGB,5188.15,Komersial,Buruk,tinggi,41289,2.68,23372906910
Genteng,HGB,450.0,Komersial,Baik,rendah,52924,4.72,4191745255
Kenjeran,Lainnya,500.0,Perumahan,Baik,rendah,181325,1.86,1399879771
Benowo,Lainnya,1260.0,Industri,Baik,tinggi,69938,7.18,1955200498
Tandes,SHM,4329.18,Komersial,Buruk,rendah,87511,8.38,13103730805
Lakarsantri,HGB,371.0,Perumahan,Baik,tinggi,59256,6.16,575697925
Karang Pilang,SHM,9482.8,Industri,Buruk,tinggi,75315,16.75,25868868571
Lakarsantri,SHM,4174.0,Komersial,Baik,rendah,59256,7.78,6476989587
Genteng,Lainnya,50000.0,Komersial,Baik,tinggi,52924,6.34,465749472723
Sawahan,SHM,295.0,Perumahan,Baik,tinggi,188693,11.31,628096432
Karang Pilang,HGB,5327.49,Industri,Baik,tinggi,75315,3.68,14620260551
Jambangan,HGB,6883.66,Perumahan,Baik,rendah,50470,16.24,26712139724
Bulak,SHM,6106.92,Perumahan,Buruk,tinggi,43764,2.42,12791647925
Krembangan,SHM,5612.08,Industri,Buruk,rendah,109027,19.75,26982780118
Gunung Anyar,Lainnya,60000.0,Perumahan,Baik,rendah,62482,15.67,167985572535
Krembangan,SHM,3677.71,Industri,Baik,tinggi,109027,4.78,19639721164
Benowo,HGB,834.0,Industri,Buruk,rendah,69938,1.1,1294156520
Tandes,HGB,8641.58,Perumahan,Buruk,tinggi,87511,16.49,27446701180
Genteng,Lainnya,840.0,Komersial,Baik,rendah,52924,14.43,7824591142
Lakarsantri,SHM,800.0,Perumahan,Buruk,tinggi,59256,14.85,1241397142
Sukolilo,Lainnya,6921.52,Perumahan,Baik,rendah,110557,15.65,40539391404
Tenggilis Mejoyo,HGB,9411.13,Industri,Buruk,tinggi,61187,2.41,43118593274
Asemrowo,Lainnya,5626.17,Industri,Buruk,rendah,45547,7.81,20667922057
Wonocolo,SHM,3403.8,Komersial,Baik,rendah,75315,3.2,14198175959
Pakal,HGB,10140.66,Industri,Baik,tinggi,59971,17.4,18501941813
Tandes,Lainnya,7199.49,Komersial,Baik,tinggi,87511,12.84,21416474286
Sawahan,Lainnya,328.0,Perumahan,Baik,tinggi,188693,7.29,698358067
Pabean Cantikan,SHM,7597.44,Perumahan,Baik,rendah,75315,2.21,34022215208
Wonokromo,HGB,6678.0,Komersial,Baik,rendah,144650,6.91,56481991141
Benowo,SHM,789.0,Industri,Buruk,tinggi,69938,7.18,1224327931
Sukolilo,Lainnya,1337.3,Perumahan,Buruk,tinggi,110557,14.86,8318222631
Gubeng,Lainnya,2701.0,Komersial,Baik,tinggi,123961,13.11,22844842479
Genteng,HGB,3700.0,Komersial,Baik,tinggi,52924,17.86,34465460981
Gubeng,SHM,8423.0,Komersial,Buruk,tinggi,123961,9.97,71241061902
Asemrowo,HGB,53.74,Industri,Buruk,tinggi,45547,3.27,191037290
Dukuh Pakis,SHM,6585.64,Komersial,Buruk,tinggi,56707,14.55,47185505673
Tegalsari,Lainnya,1840.0,Komersial,Buruk,tinggi,92014,15.45,18827255199
Bubutan,Lainnya,6622.88,Industri,Baik,rendah,90646,11.66,37629482961
Semampir,Lainnya,8742.84,Perumahan,Baik,rendah,172669,15.65,23217469722
Gayungan,HGB,4993.25,Komersial,Buruk,tinggi,41289,10.38,23841429266
Krembangan,HGB,2024.85,Industri,Baik,rendah,109027,10.93,9340448104
Simokerto,HGB,10012.15,Komersial,Buruk,tinggi,86897,9.12,36705261531
Wiyung,HGB,4652.0,Komersial,Buruk,tinggi,71605,1.48,9904761358
Gayungan,Lainnya,10348.84,Komersial,Baik,tinggi,41289,3.05,51076333607
Pabean Cantikan,SHM,7086.14,Komersial,Buruk,rendah,75315,1.6,30152297240
Rungkut,SHM,437.0,Perumahan,Buruk,rendah,123757,13.09,1545467267
Bubutan,SHM,6387.55,Komersial,Buruk,tinggi,90646,6.97,34044811136
Benowo,SHM,3600.0,Industri,Buruk,tinggi,69938,10.66,5586287138
Sukolilo,SHM,9195.63,Perumahan,Buruk,tinggi,110557,18.24,53340847741
Asemrowo,Lainnya,761.18,Industri,Baik,tinggi,45547,5.74,2741303501
Pabean Cantikan,Lainnya,5748.25,Industri,Baik,rendah,75315,8.8,26498835824
Pakal,Lainnya,4486.19,Industri,Buruk,tinggi,59971,15.36,8118758764
Tandes,HGB,4674.18,Industri,Baik,rendah,87511,5.35,13933590045
Mulyorejo,HGB,5815.44,Perumahan,Baik,rendah,86545,2.46,12039495637
Bulak,HGB,3490.95,Industri,Baik,tinggi,43764,6.51,7541338544
Wiyung,Lainnya,4000.0,Perumahan,Buruk,rendah,71605,4.06,8516561787
Jambangan,Lainnya,4019.56,Industri,Baik,tinggi,50470,18.66,15853985677
Gunung Anyar,SHM,523.0,Industri,Buruk,rendah,62482,16.35,1464274241
Semampir,Lainnya,9281.04,Perumahan,Baik,rendah,172669,13.03,25234043314
Gubeng,SHM,120.0,Komersial,Buruk,tinggi,123961,17.56,1014950425
Sawahan,HGB,1000.0,Perumahan,Baik,rendah,188693,16.27,2129140447
Wonocolo,Lainnya,7367.72,Perumahan,Buruk,rendah,75315,4.54,29012397970
Wonocolo,Lainnya,4253.81,Industri,Baik,rendah,75315,17.96,18492980425
Tandes,SHM,4672.15,Komersial,Buruk,rendah,87511,11.25,12269846536
Tambaksari,Lainnya,413.0,Perumahan,Buruk,tinggi,214966,16.34,1460590346
Sukomanunggal,SHM,11.0,Industri,Buruk,tinggi,101259,18.03,93037122
Krembangan,SHM,2322.9,Industri,Buruk,rendah,109027,7.04,11319463951
Jambangan,HGB,8011.67,Industri,Buruk,rendah,50470,3.09,29287823520
Sawahan,Lainnya,110.0,Perumahan,Baik,rendah,188693,5.33,234205449
Bubutan,SHM,6067.77,Komersial,Buruk,tinggi,90646,9.12,36853558721
Sambikerep,Lainnya,1170.0,Perumahan,Baik,tinggi,63778,16.54,1815543320
Bulak,SHM,6759.9,Komersial,Buruk,rendah,43764,17.35,15572801525
Dukuh Pakis,Lainnya,4573.15,Industri,Buruk,tinggi,56707,1.13,33166522576
Pabean Cantikan,Lainnya,5256.18,Industri,Baik,rendah,75315,10.7,22985652068
Jambangan,HGB,1572.82,Industri,Baik,rendah,50470,8.93,6045577271
Lakarsantri,Lainnya,375.0,Industri,Buruk,tinggi,59256,5.22,581904910
Dukuh Pakis,Lainnya,7386.88,Industri,Baik,tinggi,56707,3.28,52018204876
Kenjeran,SHM,15000.0,Perumahan,Baik,rendah,181325,7.41,41996393134
Rungkut,Lainnya,2644.0,Perumahan,Buruk,tinggi,123757,18.92,9350607448
Bulak,HGB,7992.96,Industri,Baik,rendah,43764,7.14,18424391187
Pakal,SHM,8507.84,Industri,Buruk,tinggi,59971,10.86,13456743497
Karang Pilang,SHM,4132.43,Industri,Buruk,rendah,75315,14.36,11278460194
Karang Pilang,SHM,8006.44,Industri,Baik,tinggi,75315,7.91,23196612634
Pabean Cantikan,Lainnya,8351.35,Industri,Baik,rendah,75315,19.46,37696222801
Lakarsantri,HGB,1003.0,Perumahan,Buruk,tinggi,59256,19.29,1556401667
Pakal,HGB,7786.12,Industri,Baik,tinggi,59971,5.78,14747499893
Sawahan,Lainnya,800.0,Perumahan,Buruk,tinggi,188693,10.45,1703312357
Semampir,SHM,3832.42,Perumahan,Baik,rendah,172669,6.72,10676431142
Tandes,SHM,276.83,Komersial,Buruk,rendah,87511,6.41,816065652
Karang Pilang,Lainnya,4034.27,Industri,Baik,tinggi,75315,1.7,11835186768
Simokerto,HGB,5651.71,Komersial,Buruk,tinggi,86897,12.58,22453345477
Benowo,Lainnya,810.0,Industri,Baik,rendah,69938,10.55,1256914606
Wonokromo,HGB,2200.0,Komersial,Baik,tinggi,144650,1.98,18607424455
Pakal,Lainnya,2058.79,Industri,Baik,tinggi,59971,6.29,3656118396
Wonocolo,SHM,6311.41,Industri,Baik,rendah,75315,18.26,27247592671
Kenjeran,SHM,6877.0,Perumahan,Baik,tinggi,181325,5.55,19253946372
Kenjeran,SHM,810.0,Perumahan,Buruk,tinggi,181325,3.75,2267805229
Rungkut,SHM,1500.0,Perumahan,Baik,rendah,123757,10.3,5304807554
Kenjeran,SHM,1300.0,Perumahan,Baik,rendah,181325,19.73,3639687405
Tambaksari,HGB,1704.0,Perumahan,Baik,rendah,214966,5.6,6026261381
Karang Pilang,Lainnya,4780.6,Industri,Buruk,rendah,75315,13.77,12657898182
Gubeng,SHM,120.0,Komersial,Baik,tinggi,123961,15.47,1014950425
Rungkut,Lainnya,6.0,Perumahan,Baik,rendah,123757,5.52,21219230
Asemrowo,Lainnya,852.59,Industri,Baik,tinggi,45547,14.84,3220101337
Tenggilis Mejoyo,HGB,1296.28,Perumahan,Baik,tinggi,61187,7.99,6042163503
Pakal,SHM,4374.19,Industri,Buruk,rendah,59971,13.01,8345041262
Wonocolo,Lainnya,7915.68,Perumahan,Baik,tinggi,75315,13.04,31897692618
Bubutan,Lainnya,7004.99,Industri,Baik,rendah,90646,11.18,46503225872
Tenggilis Mejoyo,Lainnya,9861.86,Komersial,Baik,rendah,61187,2.72,48184557917
Tegalsari,SHM,2002.0,Komersial,Buruk,tinggi,92014,16.87,20484872233
Mulyorejo,SHM,1251.2,Perumahan,Buruk,rendah,86545,7.09,2856336402
Wiyung,Lainnya,1950.0,Perumahan,Buruk,rendah,71605,4.54,4151823871
Rungkut,HGB,740.0,Perumahan,Baik,tinggi,123757,1.77,2617038393
Tandes,HGB,269.77,Komersial,Baik,tinggi,87511,12.23,782896633
Sambikerep,SHM,834.0,Komersial,Buruk,rendah,63778,13.87,1294156520
Dukuh Pakis,Lainnya,2041.59,Komersial,Buruk,tinggi,56707,1.32,15882276084
Sukolilo,Lainnya,5605.78,Perumahan,Baik,rendah,110557,10.73,32950960583
Gayungan,HGB,4916.42,Komersial,Buruk,tinggi,41289,5.3,24494422713
Gayungan,SHM,6530.18,Komersial,Baik,rendah,41289,13.26,30774283925
Gubeng,Lainnya,133.0,Komersial,Buruk,tinggi,123961,4.31,1124903388
Jambangan,SHM,8198.81,Komersial,Buruk,rendah,50470,14.13,30433475969
Sukolilo,HGB,9666.09,Perumahan,Buruk,rendah,110557,8.35,61749645128
Jambangan,HGB,4511.55,Komersial,Buruk,rendah,50470,18.8,17487940822
Krembangan,SHM,8394.91,Industri,Baik,rendah,109027,3.61,47373264137
Sukomanunggal,HGB,1393.0,Industri,Baik,rendah,101259,7.48,11781882848
Wonocolo,HGB,10218.98,Perumahan,Buruk,rendah,75315,3.16,45522483076
Karang Pilang,Lainnya,2657.48,Industri,Buruk,rendah,75315,18.57,7580759725
Mulyorejo,HGB,3737.32,Komersial,Buruk,tinggi,86545,17.67,8209283396
Sambikerep,HGB,450.0,Industri,Buruk,rendah,63778,5.9,698285892
Wonokromo,SHM,507.0,Komersial,Baik,rendah,144650,13.54,4288165545
Gayungan,HGB,5015.43,Komersial,Buruk,tinggi,41289,16.53,24157410231
Gunung Anyar,HGB,150.0,Perumahan,Baik,tinggi,62482,11.55,419963931
Mulyorejo,SHM,326.35,Perumahan,Baik,tinggi,86545,11.06,749739932
Krembangan,SHM,3628.44,Industri,Baik,tinggi,109027,5.6,19549067302
Wiyung,HGB,1215.0,Industri,Buruk,rendah,71605,2.77,2586905643
Bulak,HGB,3896.7,Industri,Baik,tinggi,43764,18.05,9078938093
Sukolilo,HGB,9294.42,Perumahan,Buruk,rendah,110557,18.11,56487934784
Mulyorejo,SHM,5233.01,Perumahan,Buruk,rendah,86545,13.03,10797673246
Sambikerep,SHM,2364.0,Perumahan,Baik,rendah,63778,7.44,3668328554
Pakal,Lainnya,2220.87,Industri,Baik,tinggi,59971,7.63,4019234438
Dukuh Pakis,SHM,655.02,Perumahan,Baik,rendah,56707,14.79,4676843311
Asemrowo,HGB,7237.96,Industri,Buruk,rendah,45547,18.05,28453060545
Sukolilo,HGB,3944.14,Perumahan,Baik,tinggi,110557,17.85,22808612145
Kenjeran,SHM,1125.0,Perumahan,Baik,rendah,181325,15.82,3149729485
Pakal,HGB,712.51,Industri,Baik,tinggi,59971,13.2,1232909092
Sawahan,SHM,2829.0,Perumahan,Baik,tinggi,188693,2.6,6023338324
Sambikerep,HGB,2111.0,Industri,Buruk,rendah,63778,4.07,3275736708
Asemrowo,HGB,62.98,Industri,Buruk,tinggi,45547,18.07,229555483
Dukuh Pakis,SHM,8733.73,Industri,Buruk,rendah,56707,12.52,60144203357
Semampir,Lainnya,8558.63,Perumahan,Baik,tinggi,172669,1.17,21972528488
Karang Pilang,HGB,4281.14,Industri,Buruk,tinggi,75315,2.93,11769047007
Gubeng,SHM,834.0,Komersial,Buruk,rendah,123961,13.61,7053905452
Rungkut,Lainnya,80.0,Perumahan,Buruk,rendah,123757,1.1,282923070
Semampir,SHM,3939.17,Perumahan,Baik,rendah,172669,4.06,11105626045
Lakarsantri,SHM,1000.0,Perumahan,Baik,tinggi,59256,11.43,1551746427
Bubutan,HGB,2988.91,Perumahan,Buruk,rendah,90646,14.15,18831167722
Sawahan,HGB,497.0,Perumahan,Buruk,tinggi,188693,13.39,1058182802
Sukomanunggal,Lainnya,1840.0,Industri,Buruk,tinggi,101259,5.26,15562573181
Sukolilo,Lainnya,1559.37,Perumahan,Buruk,tinggi,110557,14.53,8916728062
Kenjeran,SHM,600.0,Perumahan,Baik,tinggi,181325,5.51,1679855725
Rungkut,SHM,550.0,Perumahan,Baik,rendah,123757,7.18,1945096103
Dukuh Pakis,SHM,649.94,Perumahan,Baik,rendah,56707,15.18,5137994273
Semampir,Lainnya,8686.53,Perumahan,Buruk,tinggi,172669,13.34,24014681620
Pakal,SHM,6741.91,Industri,Baik,tinggi,59971,17.14,12146087432
Benowo,SHM,40000.0,Industri,Baik,tinggi,69938,13.49,62069857091
Pakal,HGB,8283.95,Industri,Baik,tinggi,59971,11.8,14737967712
Tambaksari,SHM,2000.0,Perumahan,Baik,tinggi,214966,2.78,7073076738
Lakarsantri,SHM,800.0,Industri,Baik,tinggi,59256,7.99,1241397142
Krembangan,HGB,2054.06,Industri,Baik,rendah,109027,6.04,10627602708
Krembangan,SHM,6043.98,Industri,Buruk,rendah,109027,5.64,32955152270
Tandes,SHM,4413.76,Komersial,Baik,rendah,87511,19.49,13324582659
Krembangan,HGB,161.19,Industri,Buruk,rendah,109027,8.47,827320796
Bulak,SHM,6749.09,Komersial,Buruk,rendah,43764,17.95,15358999369
Dukuh Pakis,SHM,3888.74,Perumahan,Baik,rendah,56707,12.99,30543120973
Gayungan,Lainnya,9441.34,Industri,Buruk,tinggi,41289,16.1,43689586014
Karang Pilang,HGB,1480.87,Industri,Baik,rendah,75315,10.55,3937316284
Pakal,SHM,4153.74,Industri,Baik,rendah,59971,11.96,7887252313
Simokerto,Lainnya,4511.79,Komersial,Buruk,rendah,86897,10.36,15732734622
Genteng,HGB,4523.0,Komersial,Baik,rendah,52924,4.71,42131697302
Sukomanunggal,Lainnya,124.0,Industri,Buruk,rendah,101259,14.73,1048782106
Tambaksari,SHM,9088.0,Perumahan,Baik,tinggi,214966,6.33,32140060699
Karang Pilang,Lainnya,2731.65,Industri,Buruk,rendah,75315,1.46,6986927847
Mulyorejo,SHM,267.01,Komersial,Baik,rendah,86545,13.26,572459800
Dukuh Pakis,Lainnya,7752.98,Industri,Baik,tinggi,56707,4.37,57159712025
Kenjeran,SHM,4069.0,Perumahan,Baik,rendah,181325,18.87,11392221577
Lakarsantri,HGB,630.0,Industri,Baik,rendah,59256,19.12,977600249
Sukomanunggal,HGB,40000.0,Industri,Baik,tinggi,101259,18.38,338316808273
Sawahan,SHM,10000.0,Perumahan,Baik,tinggi,188693,8.03,21291404467
Gubeng,HGB,12880.0,Komersial,Baik,tinggi,123961,1.29,108938012264
Pakal,SHM,2960.99,Industri,Baik,rendah,59971,18.64,5915634733
Jambangan,HGB,9285.51,Perumahan,Buruk,rendah,50470,9.14,35500859900
Benowo,SHM,1125.0,Industri,Baik,tinggi,69938,19.37,1745714731
Mulyorejo,HGB,135.06,Perumahan,Buruk,rendah,86545,19.31,311724051
Tambaksari,Lainnya,810.0,Perumahan,Baik,tinggi,214966,17.21,2864596079
Pabean Cantikan,SHM,7575.09,Komersial,Buruk,rendah,75315,6.59,33461338468
Kenjeran,Lainnya,3516.0,Perumahan,Baik,tinggi,181325,8.32,9843954551
Pakal,Lainnya,7051.15,Industri,Buruk,tinggi,59971,17.17,11819802779
Bulak,HGB,3740.57,Industri,Baik,tinggi,43764,7.02,8363771457
Pabean Cantikan,SHM,7923.68,Komersial,Buruk,rendah,75315,4.22,37370243663
Gubeng,SHM,1167.0,Komersial,Baik,rendah,123961,11.58,9870392881
Rungkut,Lainnya,600.0,Perumahan,Baik,rendah,123757,18.79,2121923021
Semampir,HGB,8834.06,Komersial,Buruk,tinggi,172669,14.22,24761275367
Sambikerep,HGB,553.0,Perumahan,Baik,rendah,63778,11.83,858115774
Gayungan,SHM,6530.15,Komersial,Baik,rendah,41289,2.85,29167676355
Sambikerep,SHM,950.0,Komersial,Buruk,rendah,63778,12.69,1474159106
Genteng,SHM,82.0,Komersial,Buruk,tinggi,52924,19.81,763829135
Mulyorejo,HGB,3477.88,Industri,Baik,tinggi,86545,3.66,7493097107
Tambaksari,Lainnya,3099.0,Perumahan,Buruk,rendah,214966,10.85,10959732406
Genteng,Lainnya,817.0,Komersial,Baik,rendah,52924,17.67,7610346384
Asemrowo,HGB,6223.83,Industri,Baik,tinggi,45547,15.07,23458534809
Genteng,Lainnya,550.0,Komersial,Baik,tinggi,52924,14.24,5123244200
Sukomanunggal,SHM,407.0,Industri,Buruk,rendah,101259,14.35,3442373524
Kenjeran,HGB,1298.0,Perumahan,Baik,rendah,181325,7.83,3634087886
Benowo,Lainnya,300.0,Industri,Baik,tinggi,69938,6.58,465523928
Krembangan,SHM,8735.56,Industri,Baik,rendah,109027,16.38,44290042810
Genteng,Lainnya,4669.0,Komersial,Baik,rendah,52924,16.39,43491685763
Sambikerep,Lainnya,1717.0,Perumahan,Baik,rendah,63778,17.47,2664348616
Semampir,Lainnya,8887.83,Perumahan,Buruk,tinggi,172669,18.35,25275712509
Asemrowo,Lainnya,5304.82,Industri,Buruk,rendah,45547,10.72,18854442188
Tenggilis Mejoyo,SHM,2601.0,Perumahan,Baik,tinggi,61187,10.53,13214396356
Kenjeran,HGB,150.0,Perumahan,Baik,rendah,181325,16.17,419963931
Sambikerep,SHM,820.0,Komersial,Buruk,rendah,63778,13.35,1272432070
Bulak,Lainnya,4720.66,Perumahan,Buruk,tinggi,43764,14.34,11521034881
Bulak,SHM,5378.01,Perumahan,Buruk,tinggi,43764,16.12,12030680395
Asemrowo,Lainnya,839.79,Industri,Baik,tinggi,45547,17.91,3178242322
Jambangan,SHM,6699.21,Perumahan,Buruk,rendah,50470,7.42,25059340333
Tenggilis Mejoyo,HGB,8121.09,Industri,Buruk,tinggi,61187,8.14,39622371852
Tenggilis Mejoyo,SHM,1528.08,Komersial,Baik,rendah,61187,2.79,7590464617
Pabean Cantikan,SHM,6037.75,Perumahan,Buruk,tinggi,75315,11.99,26251182482
Gunung Anyar,HGB,4201.0,Komersial,Baik,rendah,62482,1.68,11761789837
Rungkut,Lainnya,6000.0,Perumahan,Buruk,rendah,123757,9.85,21219230215
Mulyorejo,HGB,1753.35,Perumahan,Baik,tinggi,86545,11.31,3817654128
Pakal,SHM,5902.34,Industri,Baik,tinggi,59971,6.44,10206736165
Genteng,SHM,1125.0,Komersial,Baik,tinggi,52924,12.23,10479363136
Sukomanunggal,Lainnya,4000.0,Industri,Baik,tinggi,101259,1.58,33831680827
Wiyung,HGB,9000.0,Komersial,Buruk,tinggi,71605,1.71,19162264021
Benowo,SHM,9718.0,Industri,Buruk,rendah,69938,16.63,15079871780
Tandes,HGB,9276.29,Perumahan,Buruk,tinggi,87511,7.84,28933414150
Bubutan,HGB,3307.32,Perumahan,Buruk,rendah,90646,3.41,19666565343
Semampir,HGB,917.23,Industri,Buruk,rendah,172669,10.92,2452528480
Karang Pilang,SHM,4624.16,Industri,Buruk,rendah,75315,15.63,11474574102
Bulak,HGB,3706.16,Industri,Baik,tinggi,43764,5.1,8247808775
Pabean Cantikan,Lainnya,5052.07,Industri,Baik,rendah,75315,12.83,23997107799
Gayungan,HGB,5210.53,Komersial,Buruk,tinggi,41289,2.62,24913694165
Karang Pilang,HGB,1545.34,Industri,Baik,rendah,75315,1.98,4041724026
Tegalsari,SHM,40000.0,Komersial,Baik,tinggi,92014,11.1,409288156497
Gubeng,SHM,6000.0,Komersial,Baik,rendah,123961,11.27,50747521241
Karang Pilang,Lainnya,5171.75,Industri,Buruk,rendah,75315,13.11,13724847243
Jambangan,HGB,2129.93,Komersial,Baik,rendah,50470,14.8,8328403524
Tandes,HGB,8972.44,Perumahan,Buruk,tinggi,87511,19.54,26236232800
Karang Pilang,HGB,10070.89,Industri,Baik,tinggi,75315,10.81,28257221626
Asemrowo,HGB,56.52,Industri,Buruk,tinggi,45547,7.14,220437436
Tenggilis Mejoyo,SHM,8240.54,Komersial,Buruk,tinggi,61187,16.11,39435089831
Sambikerep,HGB,8408.0,Komersial,Buruk,tinggi,63778,6.15,13047083961
Kenjeran,SHM,7558.0,Perumahan,Baik,rendah,181325,9.34,21160582620
Krembangan,HGB,5097.59,Industri,Baik,tinggi,109027,2.49,28563783298
Wiyung,SHM,1583.0,Perumahan,Buruk,tinggi,71605,1.48,3370429327
Pakal,SHM,2760.26,Industri,Baik,rendah,59971,19.29,4970693846
Sambikerep,SHM,785.0,Komersial,Baik,tinggi,63778,16.88,1218120945
Gunung Anyar,HGB,1845.0,Komersial,Buruk,rendah,62482,14.22,5165556355
Rungkut,SHM,150.0,Perumahan,Buruk,tinggi,123757,8.77,530480755
Simokerto,HGB,9732.43,Komersial,Buruk,tinggi,86897,4.29,35522226810
Rungkut,SHM,1970.0,Perumahan,Baik,tinggi,123757,3.97,6966980587
Wiyung,HGB,11267.0,Industri,Buruk,tinggi,71605,5.75,23989025413
Pabean Cantikan,SHM,7328.17,Perumahan,Baik,rendah,75315,11.44,33732301424
Pakal,SHM,9477.42,Industri,Buruk,tinggi,59971,14.58,15921780292
Benowo,SHM,5000.0,Industri,Buruk,tinggi,69938,13.54,7758732136
Tandes,HGB,252.23,Komersial,Baik,tinggi,87511,6.32,802239652
Sukomanunggal,Lainnya,181.0,Industri,Baik,rendah,101259,19.14,1530883557
Pakal,HGB,8490.64,Industri,Baik,tinggi,59971,15.02,15548740227
Semampir,HGB,875.28,Industri,Buruk,rendah,172669,11.53,2378593633
Gubeng,SHM,325.0,Komersial,Buruk,rendah,123961,12.62,2748824067
Rungkut,HGB,6000.0,Perumahan,Buruk,tinggi,123757,8.97,21219230215
Gubeng,Lainnya,1429.0,Komersial,Buruk,rendah,123961,5.71,12086367976
Mulyorejo,HGB,1350.07,Perumahan,Baik,tinggi,86545,7.76,2755897960
Genteng,HGB,212.0,Komersial,Buruk,tinggi,52924,15.4,1974777764
Wonokromo,HGB,1800.0,Komersial,Buruk,rendah,144650,1.27,15224256372
Tambaksari,SHM,283.0,Perumahan,Baik,rendah,214966,3.21,1000840358
Simokerto,Lainnya,8560.06,Komersial,Buruk,rendah,86897,1.87,28402248923
Tegalsari,Lainnya,283.0,Komersial,Baik,tinggi,92014,1.77,2895713707
Wonocolo,Lainnya,7864.77,Perumahan,Baik,tinggi,75315,17.25,34727439758
Krembangan,HGB,173.04,Industri,Buruk,rendah,109027,14.37,907541620
Pabean Cantikan,Lainnya,1417.84,Industri,Buruk,rendah,75315,10.01,6246001422
Wonokromo,HGB,1805.0,Komersial,Baik,tinggi,144650,2.86,15266545973
Lakarsantri,HGB,800.0,Industri,Buruk,rendah,59256,10.34,1241397142
Wonocolo,Lainnya,8326.05,Perumahan,Baik,tinggi,75315,10.0,34869217696
Krembangan,HGB,8020.98,Industri,Baik,tinggi,109027,4.29,41043057723
Pakal,SHM,9781.64,Industri,Buruk,tinggi,59971,9.24,17378479653
Wiyung,Lainnya,630.0,Komersial,Baik,rendah,71605,8.57,1341358481
Pakal,Lainnya,8922.39,Industri,Buruk,rendah,59971,12.7,16637325330
Tandes,HGB,639.9,Komersial,Buruk,rendah,87511,13.07,2014532550
Rungkut,HGB,3410.0,Perumahan,Baik,rendah,123757,1.86,12059595839
Wiyung,HGB,2000.0,Perumahan,Buruk,rendah,71605,8.12,4258280893
Tegalsari,Lainnya,810.0,Komersial,Baik,tinggi,92014,12.89,8288085169
Benowo,SHM,1800.0,Industri,Baik,rendah,69938,10.56,2793143569
Wiyung,Lainnya,1269.0,Perumahan,Buruk,rendah,71605,17.27,2701879227
Tegalsari,Lainnya,9697.0,Komersial,Buruk,tinggi,92014,13.52,99221681339
Wonokromo,Lainnya,1840.0,Komersial,Baik,tinggi,144650,4.1,15562573181
Sukomanunggal,HGB,3957.0,Industri,Buruk,tinggi,101259,2.34,33467990258
Gayungan,SHM,2814.4,Komersial,Buruk,rendah,41289,13.21,12119826982
Kenjeran,SHM,458.0,Perumahan,Baik,tinggi,181325,1.5,1282289870
Genteng,SHM,7950.0,Komersial,Buruk,rendah,52924,12.13,74054166163
Tenggilis Mejoyo,Lainnya,3459.92,Komersial,Baik,tinggi,61187,18.86,16329146453
Wonokromo,Lainnya,13000.0,Komersial,Baik,rendah,144650,11.93,109952962689
Gunung Anyar,SHM,1125.0,Perumahan,Baik,rendah,62482,8.38,3149729485
Wiyung,Lainnya,9930.0,Komersial,Baik,rendah,71605,13.22,21142364636
Wonokromo,SHM,1700.0,Komersial,Baik,tinggi,144650,9.71,14378464352
Sukomanunggal,Lainnya,3363.0,Industri,Buruk,tinggi,101259,11.37,28443985656
Bulak,SHM,7460.59,Komersial,Buruk,rendah,43764,18.89,17339233863
Mulyorejo,HGB,130.28,Perumahan,Buruk,rendah,86545,8.34,267979293
Krembangan,SHM,4048.41,Industri,Baik,tinggi,109027,19.26,21640223896
Bubutan,SHM,4575.41,Industri,Buruk,rendah,90646,18.2,27060300601
Jambangan,SHM,8312.03,Komersial,Buruk,rendah,50470,4.72,33966078057
Asemrowo,HGB,7550.28,Industri,Baik,rendah,45547,2.32,27620984192
Wiyung,Lainnya,1125.0,Komersial,Baik,rendah,71605,2.91,2395283003
Tenggilis Mejoyo,HGB,6430.77,Perumahan,Baik,rendah,61187,1.35,27889937825
Asemrowo,HGB,6686.25,Industri,Baik,tinggi,45547,2.79,26194388407
Kenjeran,Lainnya,3324.0,Perumahan,Baik,rendah,181325,13.98,9306400718
Mulyorejo,HGB,456.99,Perumahan,Buruk,rendah,86545,2.35,937457259
Gubeng,Lainnya,110.0,Komersial,Baik,tinggi,123961,7.06,930371223
Wiyung,Lainnya,834.0,Industri,Baik,rendah,71605,17.05,1775703133
Semampir,Lainnya,8673.72,Perumahan,Buruk,tinggi,172669,1.44,23155862808
Tegalsari,SHM,450.0,Komersial,Buruk,rendah,92014,16.47,4604491761
Wonokromo,SHM,2000.0,Komersial,Baik,rendah,144650,6.36,16915840414
Sawahan,HGB,2994.0,Perumahan,Baik,rendah,188693,3.25,6374646498
Benowo,Lainnya,9114.0,Industri,Buruk,rendah,69938,14.24,14142616938
Tambaksari,Lainnya,642.0,Perumahan,Baik,rendah,214966,12.95,2270457633
Benowo,SHM,3551.0,Industri,Buruk,tinggi,69938,17.67,5510251563
Sawahan,HGB,3585.0,Perumahan,Buruk,tinggi,188693,14.97,7632968502
Tandes,Lainnya,7960.99,Komersial,Baik,tinggi,87511,16.27,22901707817
Tandes,HGB,4914.15,Industri,Baik,rendah,87511,6.36,15176053607
Gayungan,Lainnya,3327.15,Komersial,Buruk,rendah,41289,4.37,15763846522
Jambangan,SHM,4670.41,Perumahan,Baik,tinggi,50470,15.26,16231447739
Sukomanunggal,SHM,450.0,Industri,Buruk,tinggi,101259,16.33,3806064093
Gubeng,Lainnya,871.0,Komersial,Baik,rendah,123961,19.82,7366848500
Gubeng,Lainnya,9861.0,Komersial,Buruk,rendah,123961,8.84,83403551160
Bulak,HGB,8508.01,Industri,Baik,rendah,43764,8.07,18900121948
Bubutan,SHM,4279.66,Industri,Buruk,rendah,90646,15.75,27458956342
Karang Pilang,HGB,3672.86,Industri,Buruk,tinggi,75315,7.48,10260537744
Rungkut,Lainnya,300.0,Perumahan,Baik,tinggi,123757,18.68,1060961511
Sawahan,SHM,114.0,Perumahan,Baik,tinggi,188693,17.31,242722011
Gunung Anyar,SHM,7926.0,Perumahan,Buruk,tinggi,62482,9.15,22190894132
Gubeng,SHM,5838.0,Komersial,Buruk,rendah,123961,15.27,49377338167
Karang Pilang,SHM,5363.13,Industri,Baik,tinggi,75315,15.34,13061950934
Simokerto,Lainnya,8564.26,Industri,Buruk,rendah,86897,2.96,33376860288
Lakarsantri,HGB,630.0,Perumahan,Baik,tinggi,59256,18.15,977600249
Gubeng,SHM,344.0,Komersial,Baik,rendah,123961,10.6,2909524551
Sambikerep,Lainnya,500.0,Industri,Baik,rendah,63778,16.7,775873214
Sukolilo,HGB,8814.23,Perumahan,Buruk,rendah,110557,7.08,56129796340
Benowo,HGB,8435.0,Industri,Baik,tinggi,69938,18.01,13088981114
Gubeng,SHM,1215.0,Komersial,Buruk,tinggi,123961,8.39,10276373051
Semampir,HGB,8875.77,Komersial,Buruk,tinggi,172669,1.21,21885210232
Sukomanunggal,HGB,500.0,Industri,Buruk,rendah,101259,18.2,4228960103
Wonocolo,Lainnya,7592.79,Perumahan,Buruk,tinggi,75315,2.73,31976679407
Wonocolo,SHM,3141.19,Komersial,Baik,rendah,75315,7.07,14755472639
Karang Pilang,Lainnya,6602.14,Industri,Buruk,rendah,75315,19.05,17084598780
Sukolilo,Lainnya,5690.0,Perumahan,Baik,rendah,110557,19.06,34210584919
Genteng,HGB,564.0,Komersial,Baik,rendah,52924,11.9,5253654052
Krembangan,SHM,7184.35,Industri,Baik,rendah,109027,13.0,40067692243
Sawahan,Lainnya,4985.0,Perumahan,Baik,tinggi,188693,9.52,10613765127
Tandes,HGB,4708.77,Industri,Baik,rendah,87511,6.57,14305954109
Lakarsantri,SHM,3100.0,Perumahan,Baik,tinggi,59256,7.24,4810413925
Lakarsantri,SHM,417.0,Komersial,Baik,tinggi,59256,13.78,647078260
Genteng,Lainnya,600.0,Komersial,Baik,tinggi,52924,15.3,5588993673
Genteng,SHM,1125.0,Komersial,Buruk,tinggi,52924,16.04,10479363136
Gunung Anyar,HGB,150.0,Industri,Buruk,rendah,62482,16.0,419963931
Lakarsantri,SHM,280.0,Komersial,Baik,tinggi,59256,2.73,434489000
Sukomanunggal,HGB,525.0,Industri,Baik,rendah,101259,10.39,4440408109
Wonokromo,Lainnya,1149.0,Komersial,Baik,rendah,144650,2.09,9718150318
Genteng,SHM,7092.0,Komersial,Buruk,rendah,52924,11.44,66061905211
Mulyorejo,HGB,1481.45,Industri,Baik,rendah,86545,9.39,3072625148
Wonocolo,HGB,9567.89,Perumahan,Buruk,rendah,75315,17.87,38879388732
Kenjeran,HGB,300.0,Perumahan,Baik,tinggi,181325,7.67,839927863
Gayungan,SHM,5023.01,Komersial,Buruk,tinggi,41289,3.22,23610247163
Bubutan,SHM,10193.19,Komersial,Buruk,tinggi,90646,3.72,61391306647
Gunung Anyar,SHM,192.0,Perumahan,Baik,tinggi,62482,15.47,537553832
Gunung Anyar,HGB,900.0,Perumahan,Buruk,tinggi,62482,12.75,2519783588
Benowo,HGB,100.0,Industri,Buruk,tinggi,69938,2.92,155174643
Benowo,Lainnya,200.0,Industri,Buruk,rendah,69938,2.6,310349285
Wonokromo,SHM,1840.0,Komersial,Buruk,tinggi,144650,14.32,15562573181
Simokerto,Lainnya,8114.28,Komersial,Buruk,rendah,86897,2.38,30651012663
Bulak,SHM,5731.94,Perumahan,Buruk,tinggi,43764,16.62,12652390263
Benowo,HGB,10000.0,Industri,Baik,rendah,69938,14.42,15517464273
Gubeng,SHM,950.0,Komersial,Buruk,tinggi,123961,2.55,8035024196
Gayungan,Lainnya,3133.98,Komersial,Buruk,rendah,41289,2.61,14543874429
Wonokromo,HGB,6815.0,Komersial,Buruk,rendah,144650,19.75,57640726210
Asemrowo,HGB,8309.62,Industri,Baik,rendah,45547,8.11,29565515755
Bulak,SHM,3475.49,Perumahan,Buruk,rendah,43764,8.04,7705129709
Wonocolo,HGB,8024.53,Perumahan,Baik,tinggi,75315,16.44,33502863903
Simokerto,HGB,3778.58,Industri,Baik,tinggi,86897,19.0,14207703363
Genteng,Lainnya,810.0,Komersial,Buruk,rendah,52924,19.73,7545141458
Tegalsari,Lainnya,7364.0,Komersial,Buruk,rendah,92014,15.31,75349949611
Krembangan,SHM,6652.31,Industri,Buruk,rendah,109027,8.15,33592171041
Tambaksari,Lainnya,8249.0,Perumahan,Baik,tinggi,214966,2.59,29172905007
Benowo,Lainnya,60000.0,Industri,Baik,rendah,69938,15.77,93104785637
Tenggilis Mejoyo,HGB,8899.72,Perumahan,Buruk,rendah,61187,11.61,42025705354
Tegalsari,SHM,740.0,Komersial,Baik,rendah,92014,9.06,7571830895
Tambaksari,Lainnya,455.0,Perumahan,Baik,tinggi,214966,18.22,1609124958
Tambaksari,HGB,6931.0,Perumahan,Baik,tinggi,214966,3.11,24511747437
Tandes,SHM,2598.3,Industri,Buruk,tinggi,87511,10.36,7708471356
Dukuh Pakis,Lainnya,5324.63,Industri,Buruk,tinggi,56707,1.22,39725731107
Tegalsari,Lainnya,340.0,Komersial,Buruk,rendah,92014,9.9,3478949330
Krembangan,SHM,7782.3,Industri,Baik,rendah,109027,2.07,40804290653
Pabean Cantikan,Lainnya,8969.56,Industri,Baik,rendah,75315,3.26,38489623098
Krembangan,HGB,8161.18,Industri,Baik,tinggi,109027,3.23,42800294495
Rungkut,Lainnya,4857.0,Perumahan,Buruk,tinggi,123757,13.33,17176966859
Semampir,Lainnya,8939.4,Perumahan,Baik,rendah,172669,15.17,22392172490
Karang Pilang,Lainnya,7814.02,Industri,Baik,tinggi,75315,12.08,19758714997
Karang Pilang,Lainnya,3965.55,Industri,Baik,tinggi,75315,19.28,10914747087
Benowo,SHM,810.0,Industri,Baik,rendah,69938,8.12,1256914606
Benowo,SHM,10700.0,Industri,Baik,rendah,69938,6.43,16603686772
Benowo,HGB,1916.0,Industri,Buruk,tinggi,69938,17.5,2973146155
Krembangan,SHM,7226.77,Industri,Baik,rendah,109027,5.25,42411287377
Sukomanunggal,HGB,1048.0,Industri,Baik,tinggi,101259,19.3,8863900377
Tegalsari,SHM,1047.0,Komersial,Buruk,rendah,92014,1.23,10713117496
Gubeng,HGB,3700.0,Komersial,Baik,rendah,123961,19.43,31294304765
Sawahan,HGB,350.0,Perumahan,Baik,tinggi,188693,1.82,745199156
Sawahan,SHM,260.0,Perumahan,Baik,rendah,188693,17.93,553576516
Rungkut,Lainnya,2000.0,Perumahan,Baik,tinggi,123757,11.03,7073076738
Wonokromo,SHM,8633.0,Komersial,Baik,tinggi,144650,19.87,73017225146
Dukuh Pakis,HGB,6027.88,Perumahan,Baik,rendah,56707,2.4,47697724384
Wonocolo,HGB,8619.74,Perumahan,Baik,tinggi,75315,11.52,36078386690
Benowo,SHM,10966.0,Industri,Buruk,rendah,69938,19.42,17016451322
Sukolilo,Lainnya,1192.57,Perumahan,Baik,rendah,110557,10.94,6961312652
Tambaksari,SHM,300.0,Perumahan,Buruk,tinggi,214966,12.96,1060961511
Tandes,SHM,4190.99,Komersial,Baik,rendah,87511,14.22,12158675734
Wonokromo,SHM,2293.0,Komersial,Baik,tinggi,144650,9.64,19394011034
Tandes,HGB,8707.67,Komersial,Buruk,rendah,87511,12.92,25972304033
Tandes,Lainnya,5290.78,Komersial,Baik,tinggi,87511,12.1,15649656106
Dukuh Pakis,HGB,6652.95,Perumahan,Baik,tinggi,56707,18.12,49810868636
Wonocolo,HGB,1847.78,Perumahan,Baik,rendah,75315,1.86,8215617444
Simokerto,HGB,4282.82,Industri,Baik,tinggi,86897,6.34,16714766159
Wonokromo,HGB,457.0,Komersial,Buruk,tinggi,144650,19.06,3865269535
Tegalsari,HGB,840.0,Komersial,Buruk,rendah,92014,17.92,8595051286
Simokerto,Lainnya,8885.98,Perumahan,Buruk,rendah,86897,9.66,34107656162
Tenggilis Mejoyo,HGB,8617.22,Industri,Buruk,rendah,61187,12.78,41954991246
Pabean Cantikan,Lainnya,6658.38,Industri,Baik,rendah,75315,6.27,30976482226
Bubutan,SHM,5356.22,Komersial,Buruk,rendah,90646,4.57,32438407526
Genteng,Lainnya,2113.0,Komersial,Buruk,tinggi,52924,9.81,19682572717
Pabean Cantikan,Lainnya,4712.95,Industri,Baik,rendah,75315,7.71,21001614078
Sukolilo,Lainnya,6965.48,Perumahan,Baik,rendah,110557,12.09,45521570730
Lakarsantri,HGB,575.0,Komersial,Buruk,tinggi,59256,2.48,892254196
Gubeng,SHM,525.0,Komersial,Buruk,tinggi,123961,19.51,4440408109
Rungkut,HGB,4000.0,Perumahan,Baik,tinggi,123757,19.74,14146153477
Sambikerep,Lainnya,865.0,Perumahan,Baik,rendah,63778,14.27,1342260660
Sukomanunggal,Lainnya,7575.0,Industri,Buruk,tinggi,101259,11.19,64068745567
Sukomanunggal,HGB,500.0,Industri,Baik,rendah,101259,6.88,4228960103
Wonocolo,SHM,8655.95,Komersial,Baik,rendah,75315,16.46,34398752595
Rungkut,Lainnya,7166.0,Perumahan,Baik,rendah,123757,14.01,25342833953
Dukuh Pakis,HGB,6546.79,Perumahan,Baik,tinggi,56707,4.09,43917855718
Lakarsantri,Lainnya,630.0,Komersial,Buruk,rendah,59256,18.31,977600249
Gubeng,Lainnya,2850.0,Komersial,Baik,tinggi,123961,16.63,24105072589
Sukolilo,Lainnya,466.95,Perumahan,Buruk,tinggi,110557,19.05,2843498819
Wonocolo,HGB,1818.91,Perumahan,Baik,rendah,75315,14.79,7622127792
Asemrowo,HGB,7313.29,Industri,Baik,rendah,45547,12.65,27839870366
Tegalsari,SHM,1400.0,Komersial,Buruk,rendah,92014,8.95,14325085477
Kenjeran,Lainnya,6285.0,Perumahan,Buruk,rendah,181325,18.72,17596488723
Wonokromo,SHM,2600.0,Komersial,Buruk,tinggi,144650,17.46,21990592538
Semampir,HGB,9091.24,Komersial,Buruk,tinggi,172669,1.86,26529633226
Sukomanunggal,Lainnya,240.0,Industri,Buruk,rendah,101259,1.5,2029900850
Genteng,Lainnya,344.0,Komersial,Baik,rendah,52924,8.15,3204356372
Semampir,Lainnya,8305.59,Perumahan,Baik,tinggi,172669,16.4,21650748082
Jambangan,SHM,2856.08,Industri,Baik,tinggi,50470,19.76,10582008706
Rungkut,Lainnya,3895.0,Perumahan,Buruk,tinggi,123757,3.86,13774816948
Tandes,SHM,3877.45,Komersial,Buruk,rendah,87511,12.29,12105445841
Gayungan,HGB,4923.96,Komersial,Buruk,tinggi,41289,8.24,23272761565
Dukuh Pakis,HGB,9253.51,Perumahan,Buruk,tinggi,56707,19.43,63885327909
Kenjeran,Lainnya,4513.0,Perumahan,Baik,tinggi,181325,17.0,12635314814
Bulak,SHM,6203.28,Perumahan,Buruk,tinggi,43764,16.93,14661122293
Krembangan,SHM,6135.73,Industri,Buruk,rendah,109027,9.91,32424146661
Gayungan,Lainnya,9710.93,Industri,Buruk,tinggi,41289,8.88,45377513172
Krembangan,SHM,8532.09,Industri,Baik,rendah,109027,6.19,47278132724
Bulak,SHM,5924.31,Perumahan,Buruk,tinggi,43764,2.07,14031126469
Lakarsantri,SHM,800.0,Perumahan,Baik,rendah,59256,17.43,1241397142
Tenggilis Mejoyo,HGB,1431.36,Komersial,Buruk,tinggi,61187,16.45,6362653447
Tandes,Lainnya,5182.44,Komersial,Baik,tinggi,87511,19.99,15340523796
Wiyung,Lainnya,4051.0,Perumahan,Baik,rendah,71605,19.94,8625147950
Krembangan,SHM,2379.16,Industri,Buruk,rendah,109027,11.55,12492896419
Wonocolo,HGB,1734.01,Komersial,Baik,tinggi,75315,15.61,7432031055
Tandes,SHM,3050.4,Industri,Buruk,tinggi,87511,18.95,10007425344
Wonokromo,Lainnya,685.0,Komersial,Baik,rendah,144650,17.14,5793675342
Lakarsantri,Lainnya,121.0,Komersial,Baik,rendah,59256,5.7,187761318
Asemrowo,HGB,6197.27,Industri,Baik,tinggi,45547,9.56,23892869626
Gunung Anyar,Lainnya,1482.0,Komersial,Buruk,tinggi,62482,3.45,4149243642
Tambaksari,SHM,180.0,Perumahan,Baik,rendah,214966,19.13,636576906
Dukuh Pakis,SHM,9135.11,Industri,Buruk,rendah,56707,12.52,67760894454
Gubeng,Lainnya,810.0,Komersial,Baik,rendah,123961,5.34,6850915368
Gayungan,HGB,4573.63,Komersial,Buruk,tinggi,41289,13.76,21322779570
Benowo,Lainnya,1145.0,Industri,Baik,tinggi,69938,12.74,1776749659
Tambaksari,SHM,834.0,Perumahan,Baik,rendah,214966,7.81,2949473000
Tambaksari,Lainnya,213.0,Perumahan,Buruk,tinggi,214966,3.16,753282673
Mulyorejo,HGB,10497.28,Industri,Buruk,tinggi,86545,13.76,22688510277
Bubutan,HGB,3499.01,Perumahan,Buruk,rendah,90646,10.89,19923659804
Sawahan,SHM,450.0,Perumahan,Baik,rendah,188693,15.67,958113201
Simokerto,Lainnya,8884.04,Perumahan,Buruk,rendah,86897,10.88,34962384132
Karang Pilang,SHM,5599.84,Industri,Baik,tinggi,75315,17.19,15112227057
Genteng,Lainnya,623.0,Komersial,Baik,tinggi,52924,11.49,5803238430
Lakarsantri,Lainnya,1125.0,Industri,Baik,tinggi,59256,11.66,1745714731
Sawahan,SHM,3150.0,Perumahan,Baik,tinggi,188693,17.66,6706792407
Rungkut,Lainnya,8865.0,Perumahan,Buruk,tinggi,123757,8.67,31351412642
Kenjeran,HGB,544.0,Perumahan,Baik,tinggi,181325,3.55,1523069191
Semampir,HGB,9039.37,Komersial,Buruk,tinggi,172669,1.55,23890031424
Dukuh Pakis,HGB,5280.71,Komersial,Baik,tinggi,56707,15.35,42145112005
Karang Pilang,Lainnya,7968.8,Industri,Baik,tinggi,75315,12.79,21194741554
Lakarsantri,HGB,1260.0,Perumahan,Baik,tinggi,59256,14.38,1955200498
Tandes,HGB,9488.29,Komersial,Buruk,rendah,87511,5.05,26849335583
Simokerto,Lainnya,6235.91,Industri,Baik,tinggi,86897,3.59,23129798591
Pakal,Lainnya,7268.62,Industri,Buruk,tinggi,59971,1.28,13888570532
Rungkut,HGB,9963.0,Perumahan,Baik,tinggi,123757,7.66,35234531772
Pabean Cantikan,SHM,6077.29,Perumahan,Buruk,tinggi,75315,12.21,27978972938
Wiyung,Lainnya,600.0,Perumahan,Buruk,rendah,71605,8.45,1277484268
Tambaksari,SHM,1139.0,Perumahan,Baik,rendah,214966,9.31,4028117202
Jambangan,HGB,2279.86,Komersial,Baik,rendah,50470,18.18,8320913686
Sawahan,Lainnya,5768.0,Perumahan,Buruk,rendah,188693,7.62,12280882097
Genteng,SHM,1430.0,Komersial,Baik,tinggi,52924,10.77,13320434920
Karang Pilang,SHM,8763.55,Industri,Baik,tinggi,75315,15.89,22917865475
Wiyung,HGB,10000.0,Komersial,Buruk,rendah,71605,8.53,21291404467
Mulyorejo,SHM,265.56,Industri,Buruk,rendah,86545,12.82,552268525
Tegalsari,Lainnya,2826.0,Komersial,Buruk,rendah,92014,17.38,28916208257
Bulak,Lainnya,4214.72,Perumahan,Buruk,tinggi,43764,19.04,8897096113
Rungkut,HGB,632.0,Perumahan,Baik,rendah,123757,3.79,2235092249
Sukomanunggal,HGB,1000.0,Industri,Baik,rendah,101259,18.61,8457920207
Dukuh Pakis,SHM,3635.04,Perumahan,Baik,rendah,56707,10.35,27602380530
Tenggilis Mejoyo,SHM,1941.56,Komersial,Buruk,rendah,61187,5.91,9898765285
Dukuh Pakis,SHM,10059.76,Industri,Buruk,tinggi,56707,9.72,78670889517
Tegalsari,SHM,110.0,Komersial,Buruk,tinggi,92014,19.62,1125542430
Gubeng,HGB,840.0,Komersial,Baik,rendah,123961,10.36,7104652974
Bulak,Lainnya,4640.75,Perumahan,Buruk,tinggi,43764,7.25,9896962673
Sawahan,Lainnya,1011.0,Perumahan,Buruk,rendah,188693,13.03,2152560992
Wonokromo,Lainnya,264.0,Komersial,Buruk,rendah,144650,5.56,2232890935
Asemrowo,HGB,7330.85,Industri,Baik,rendah,45547,2.44,25191753054
Dukuh Pakis,HGB,6241.94,Perumahan,Baik,rendah,56707,3.45,46252122991
Simokerto,HGB,3565.83,Industri,Baik,tinggi,86897,3.43,13436437910
Semampir,HGB,990.86,Industri,Buruk,rendah,172669,3.89,2831225293
Jambangan,HGB,7894.3,Perumahan,Baik,rendah,50470,3.64,29270589808
Wiyung,SHM,790.0,Industri,Buruk,tinggi,71605,13.18,1682020953
Lakarsantri,Lainnya,800.0,Perumahan,Buruk,rendah,59256,4.46,1241397142
Benowo,HGB,525.0,Industri,Buruk,tinggi,69938,7.57,814666874
Gayungan,SHM,4858.61,Komersial,Buruk,tinggi,41289,18.04,21162001329
Sukolilo,HGB,3671.33,Perumahan,Baik,tinggi,110557,10.01,22305363132
Sukomanunggal,SHM,1800.0,Industri,Buruk,tinggi,101259,13.68,15224256372
Tambaksari,Lainnya,3806.0,Perumahan,Baik,tinggi,214966,4.27,13460065033
Rungkut,SHM,300.0,Perumahan,Buruk,rendah,123757,4.65,1060961511
Asemrowo,Lainnya,5447.62,Industri,Buruk,rendah,45547,1.78,20527625146
Simokerto,HGB,8563.1,Perumahan,Buruk,rendah,86897,4.21,33588258778
Pabean Cantikan,SHM,6939.58,Perumahan,Buruk,tinggi,75315,6.29,30503895004
Wonokromo,SHM,8462.0,Komersial,Buruk,tinggi,144650,4.36,71570920790
Tambaksari,HGB,1000.0,Perumahan,Baik,tinggi,214966,2.69,3536538369
Bulak,Lainnya,4752.38,Perumahan,Buruk,tinggi,43764,3.29,10989707999
Wonokromo,Lainnya,1429.0,Komersial,Baik,tinggi,144650,9.75,12086367976
Pakal,Lainnya,4180.56,Industri,Buruk,tinggi,59971,4.92,7317347782
Sukolilo,Lainnya,906.71,Perumahan,Baik,rendah,110557,7.92,5213610921
Sambikerep,HGB,212.0,Komersial,Buruk,rendah,63778,10.56,328970243
Sambikerep,Lainnya,147.0,Komersial,Baik,tinggi,63778,14.12,228106725
Bubutan,Lainnya,6515.42,Industri,Baik,rendah,90646,1.75,39244214149
Simokerto,HGB,4691.69,Industri,Buruk,rendah,86897,16.19,17317218148
Gubeng,HGB,1358.0,Komersial,Baik,tinggi,123961,12.93,11485855641
Semampir,Lainnya,8877.16,Perumahan,Baik,tinggi,172669,2.55,24995455387
Sawahan,Lainnya,300.0,Perumahan,Baik,tinggi,188693,17.6,638742134
Karang Pilang,HGB,3799.8,Industri,Buruk,tinggi,75315,18.5,10720180997
Wiyung,Lainnya,834.0,Komersial,Baik,tinggi,71605,2.16,1775703133
Sukolilo,Lainnya,9509.97,Perumahan,Baik,tinggi,110557,6.26,58842999425
Wonokromo,Lainnya,600.0,Komersial,Baik,rendah,144650,16.32,5074752124
Sukomanunggal,SHM,544.0,Industri,Buruk,rendah,101259,15.22,4601108593
Gunung Anyar,SHM,349.0,Industri,Buruk,tinggi,62482,4.51,977116080
Sawahan,Lainnya,2300.0,Perumahan,Buruk,tinggi,188693,4.98,4897023027
Semampir,SHM,6411.85,Industri,Buruk,tinggi,172669,8.04,16102899267
Jambangan,SHM,7248.49,Komersial,Buruk,rendah,50470,10.21,26906094439
Gubeng,SHM,510.0,Komersial,Buruk,rendah,123961,12.75,4313539305
Bubutan,Lainnya,921.92,Perumahan,Baik,tinggi,90646,8.01,5102397215
Gunung Anyar,SHM,2994.0,Komersial,Baik,rendah,62482,9.79,8382480069
Lakarsantri,HGB,360.0,Komersial,Buruk,rendah,59256,15.2,558628714
Sambikerep,HGB,3694.0,Komersial,Buruk,tinggi,63778,1.7,5732151302
Simokerto,Lainnya,3800.31,Perumahan,Buruk,tinggi,86897,5.8,14700800929
Asemrowo,HGB,7589.74,Industri,Buruk,rendah,45547,14.55,29797920341
Sukomanunggal,SHM,980.0,Industri,Baik,rendah,101259,18.01,8288761803
Karang Pilang,Lainnya,5962.61,Industri,Buruk,rendah,75315,10.72,16408408098
Tandes,Lainnya,3922.56,Perumahan,Buruk,tinggi,87511,11.11,12153302770
Pabean Cantikan,SHM,5622.65,Perumahan,Baik,tinggi,75315,3.04,23435517678
Genteng,SHM,1140.0,Komersial,Buruk,tinggi,52924,9.5,10619087978
Asemrowo,HGB,7681.61,Industri,Buruk,rendah,45547,11.12,26341012335
Sawahan,SHM,2600.0,Perumahan,Baik,rendah,188693,5.61,5535765162
Pabean Cantikan,Lainnya,4982.6,Industri,Baik,rendah,75315,6.12,24124820012
Genteng,Lainnya,6000.0,Komersial,Buruk,rendah,52924,8.17,55889936727
Mulyorejo,SHM,4627.92,Perumahan,Buruk,rendah,86545,1.38,10128568437
Pabean Cantikan,Lainnya,8393.47,Industri,Baik,rendah,75315,7.12,35780135308
Jambangan,HGB,3602.07,Industri,Baik,tinggi,50470,5.02,14164672429
Sukolilo,HGB,8920.59,Perumahan,Baik,tinggi,110557,7.22,55135631960
Wonocolo,Lainnya,3872.75,Industri,Baik,rendah,75315,3.28,14904720635
Kenjeran,SHM,1300.0,Perumahan,Buruk,rendah,181325,17.92,3639687405
Jambangan,SHM,642.62,Industri,Baik,tinggi,50470,12.28,2315569887
Wonocolo,Lainnya,7823.08,Perumahan,Baik,tinggi,75315,13.9,33269673696
Gunung Anyar,HGB,400.0,Industri,Buruk,tinggi,62482,15.99,1119903817
Semampir,HGB,8894.11,Komersial,Buruk,tinggi,172669,10.47,22721752083
Dukuh Pakis,HGB,6234.3,Perumahan,Baik,rendah,56707,2.65,45630077161
Benowo,SHM,5252.0,Industri,Baik,tinggi,69938,11.21,8149772236
Semampir,Lainnya,8509.16,Perumahan,Baik,tinggi,172669,12.15,22372080765
Wonokromo,HGB,390.0,Komersial,Buruk,tinggi,144650,15.16,3298588881
Bubutan,Lainnya,1017.4,Perumahan,Baik,tinggi,90646,9.2,6068487546
Wiyung,Lainnya,6000.0,Industri,Buruk,rendah,71605,3.42,12774842680
Bubutan,SHM,774.41,Komersial,Buruk,tinggi,90646,6.39,4691636164
Bubutan,SHM,5266.72,Komersial,Buruk,rendah,90646,7.9,29912383860
Semampir,SHM,3790.89,Perumahan,Baik,rendah,172669,13.27,9996472227
Tambaksari,Lainnya,801.0,Perumahan,Baik,tinggi,214966,11.84,2832767234
Asemrowo,Lainnya,8432.55,Industri,Buruk,tinggi,45547,7.77,31096654815
Bubutan,SHM,5241.16,Komersial,Buruk,rendah,90646,19.74,32147068550
Tambaksari,Lainnya,810.0,Perumahan,Buruk,tinggi,214966,12.51,2864596079
Tandes,SHM,274.84,Komersial,Buruk,rendah,87511,5.51,777072168
Tandes,HGB,643.31,Komersial,Buruk,rendah,87511,2.93,2020230614
Sukolilo,Lainnya,883.89,Perumahan,Baik,rendah,110557,3.9,4777461309
Benowo,Lainnya,750.0,Industri,Baik,tinggi,69938,5.67,1163809820
Tenggilis Mejoyo,HGB,7090.24,Perumahan,Baik,rendah,61187,4.05,36937432652
Tambaksari,HGB,1429.0,Perumahan,Baik,rendah,214966,4.54,5053713330
Sawahan,SHM,5889.0,Perumahan,Buruk,rendah,188693,6.42,12538508091
Wiyung,HGB,610.0,Industri,Buruk,tinggi,71605,4.29,1298775673
Tegalsari,HGB,3700.0,Komersial,Baik,tinggi,92014,18.04,37859154476
Pabean Cantikan,Lainnya,1545.93,Industri,Buruk,rendah,75315,2.52,7239870751
Kenjeran,Lainnya,11267.0,Perumahan,Buruk,tinggi,181325,10.97,31544890762
Simokerto,HGB,5400.48,Perumahan,Buruk,rendah,86897,8.8,20487681916
Jambangan,HGB,2322.98,Komersial,Baik,rendah,50470,19.67,9309150894
Sukolilo,Lainnya,7472.36,Perumahan,Baik,rendah,110557,3.13,42051333784
Sukomanunggal,Lainnya,2016.0,Industri,Buruk,rendah,101259,8.56,17051167137
Tenggilis Mejoyo,HGB,1256.5,Perumahan,Baik,tinggi,61187,19.42,6010817172
Sawahan,SHM,578.0,Perumahan,Baik,tinggi,188693,17.44,1230643178
Mulyorejo,SHM,35534.53,Industri,Buruk,tinggi,86545,16.52,76727514867
Simokerto,SHM,192.98,Industri,Baik,tinggi,86897,5.9,776799916
Asemrowo,HGB,6724.87,Industri,Baik,tinggi,45547,4.25,26255377875
Pakal,HGB,715.74,Industri,Baik,tinggi,59971,13.7,1345514818
Sukolilo,Lainnya,507.45,Perumahan,Buruk,tinggi,110557,18.66,2861555901
Gayungan,SHM,894.05,Perumahan,Buruk,tinggi,41289,11.58,4200290295
Bulak,HGB,3551.71,Industri,Baik,tinggi,43764,11.86,8390925551
Bubutan,SHM,853.81,Komersial,Buruk,tinggi,90646,6.32,5057202692
Sambikerep,HGB,3588.0,Komersial,Buruk,rendah,63778,15.62,5567666181
Lakarsantri,HGB,504.0,Perumahan,Baik,rendah,59256,4.55,782080199
Bulak,SHM,3578.3,Perumahan,Buruk,rendah,43764,7.15,7988399330
Pakal,SHM,1103.79,Industri,Baik,tinggi,59971,9.08,2021746527
Tegalsari,SHM,1840.0,Komersial,Baik,tinggi,92014,10.64,18827255199
Wiyung,SHM,1400.0,Komersial,Baik,rendah,71605,5.61,2980796625
Tenggilis Mejoyo,HGB,8701.47,Industri,Buruk,rendah,61187,3.18,42025087834
Simokerto,HGB,10393.01,Industri,Buruk,rendah,86897,12.6,39050090551
Wonocolo,SHM,7765.42,Komersial,Baik,rendah,75315,6.48,34146197067
Gayungan,HGB,4671.79,Komersial,Buruk,tinggi,41289,12.04,24153257089
Tenggilis Mejoyo,Lainnya,3322.38,Komersial,Baik,tinggi,61187,3.93,15611761824
Gunung Anyar,Lainnya,2000.0,Perumahan,Baik,rendah,62482,10.14,5599519084
Wiyung,SHM,4216.0,Komersial,Baik,rendah,71605,11.12,8976456123
Wiyung,SHM,8279.0,Komersial,Baik,tinggi,71605,1.98,17627153758
Sambikerep,Lainnya,1125.0,Komersial,Baik,tinggi,63778,7.4,1745714731
Karang Pilang,SHM,4937.76,Industri,Baik,tinggi,75315,3.55,13728019472
Sambikerep,HGB,150.0,Komersial,Baik,rendah,63778,2.2,232761964
Simokerto,HGB,8642.39,Perumahan,Buruk,rendah,86897,19.81,32905567123
Rungkut,SHM,44000.0,Perumahan,Buruk,tinggi,123757,7.12,155607688242
Mulyorejo,HGB,1384.73,Perumahan,Baik,tinggi,86545,16.39,3130023871
Rungkut,SHM,940.0,Perumahan,Buruk,tinggi,123757,5.84,3324346067
Wonokromo,HGB,7916.0,Komersial,Baik,rendah,144650,13.95,66952896357
Tambaksari,HGB,355.0,Perumahan,Buruk,tinggi,214966,15.44,1255471121
Jambangan,HGB,10575.26,Perumahan,Buruk,rendah,50470,12.32,40541262023
Bulak,SHM,5483.95,Perumahan,Buruk,tinggi,43764,9.96,13283300041
Wiyung,HGB,344.0,Komersial,Buruk,tinggi,71605,8.82,732424314
Pabean Cantikan,Lainnya,5925.49,Industri,Baik,rendah,75315,7.63,28033306223
Kenjeran,HGB,121.0,Perumahan,Baik,tinggi,181325,18.66,338770905
Bulak,HGB,8528.84,Industri,Baik,rendah,43764,16.78,18778802954
Lakarsantri,SHM,560.0,Industri,Baik,rendah,59256,19.34,868977999
Pakal,SHM,3909.8,Industri,Buruk,rendah,59971,3.36,6846805973
Tegalsari,SHM,1200.0,Komersial,Baik,tinggi,92014,14.89,12278644695
Tambaksari,SHM,1170.0,Perumahan,Baik,rendah,214966,18.83,4137749892
Wonokromo,HGB,1750.0,Komersial,Baik,rendah,144650,4.44,14801360362
Kenjeran,Lainnya,978.0,Perumahan,Buruk,tinggi,181325,2.26,2738164832
Tandes,SHM,4270.51,Komersial,Baik,rendah,87511,15.08,13024070435
Asemrowo,Lainnya,4780.13,Industri,Buruk,rendah,45547,11.91,19468772055
Tegalsari,Lainnya,2962.0,Komersial,Baik,rendah,92014,16.99,30307787989
Semampir,Lainnya,9571.84,Perumahan,Buruk,tinggi,172669,3.66,23474607275
Sukolilo,Lainnya,941.29,Perumahan,Baik,rendah,110557,16.11,5860480075
Sukolilo,HGB,1094.95,Perumahan,Buruk,rendah,110557,4.83,6047818790
Wonocolo,Lainnya,8288.87,Perumahan,Baik,tinggi,75315,4.11,36297710524
Wiyung,HGB,1840.0,Perumahan,Baik,rendah,71605,4.12,3917618422
Bulak,Lainnya,4203.62,Perumahan,Buruk,tinggi,43764,16.48,8830041290
Tegalsari,HGB,1950.0,Komersial,Buruk,tinggi,92014,13.64,19952797629
Tenggilis Mejoyo,HGB,8916.05,Perumahan,Buruk,rendah,61187,10.94,43607897638
Wonocolo,HGB,1674.25,Komersial,Baik,tinggi,75315,7.82,7370314005
Sambikerep,HGB,3958.0,Industri,Buruk,rendah,63778,17.67,6141812359
Karang Pilang,HGB,7967.69,Industri,Baik,tinggi,75315,8.46,18250014207
Kenjeran,Lainnya,836.0,Perumahan,Buruk,tinggi,181325,16.52,2340598977
Simokerto,Lainnya,7834.43,Industri,Buruk,rendah,86897,9.34,31123833402
Karang Pilang,SHM,8076.24,Industri,Baik,tinggi,75315,8.16,22697668398
Sukolilo,HGB,9837.3,Perumahan,Buruk,rendah,110557,9.79,58500486358
Tenggilis Mejoyo,SHM,8366.03,Komersial,Buruk,tinggi,61187,6.73,36261382633
Karang Pilang,Lainnya,5105.61,Industri,Buruk,rendah,75315,15.2,14024590087
Bulak,HGB,8716.25,Industri,Baik,rendah,43764,10.55,18976820973
Dukuh Pakis,Lainnya,4614.52,Industri,Buruk,tinggi,56707,5.41,35183582571
Sukolilo,Lainnya,6085.38,Perumahan,Baik,rendah,110557,18.09,34855610394
Tegalsari,HGB,1585.0,Komersial,Baik,tinggi,92014,8.29,16218043201
Semampir,SHM,3689.5,Perumahan,Baik,rendah,172669,11.33,10267014858
Gunung Anyar,SHM,1401.0,Industri,Baik,tinggi,62482,18.22,3922463119
Lakarsantri,HGB,360.0,Industri,Baik,rendah,59256,12.86,558628714
Dukuh Pakis,HGB,6738.74,Perumahan,Baik,tinggi,56707,3.22,50343070581
Tandes,Lainnya,5627.57,Komersial,Baik,tinggi,87511,18.86,16373904327
Gunung Anyar,HGB,320.0,Komersial,Buruk,tinggi,62482,12.93,895923054
Tambaksari,SHM,612.0,Perumahan,Baik,tinggi,214966,7.36,2164361482
Bubutan,Lainnya,7059.59,Perumahan,Buruk,rendah,90646,3.65,41926757378
Asemrowo,Lainnya,7446.29,Industri,Buruk,tinggi,45547,16.09,28307231237
Jambangan,HGB,3534.68,Industri,Baik,tinggi,50470,12.78,13383288413
Benowo,HGB,10200.0,Industri,Baik,rendah,69938,11.14,15827813558
Simokerto,SHM,3307.21,Industri,Buruk,rendah,86897,17.98,12043590364
Genteng,Lainnya,7800.0,Komersial,Baik,rendah,52924,15.98,72656917745
Semampir,Lainnya,8152.88,Perumahan,Baik,rendah,172669,3.88,21023223137
Jambangan,HGB,2681.53,Perumahan,Baik,rendah,50470,6.92,9189526668
Asemrowo,Lainnya,7859.79,Industri,Buruk,tinggi,45547,5.72,28559566495
Tenggilis Mejoyo,SHM,2533.45,Perumahan,Baik,tinggi,61187,15.13,12137614798
Bubutan,HGB,2941.76,Perumahan,Buruk,rendah,90646,1.64,17486030383
Pakal,HGB,8429.23,Industri,Baik,tinggi,59971,11.83,16252510395
Simokerto,HGB,9872.35,Industri,Buruk,rendah,86897,15.49,40715060044
Tegalsari,HGB,59739.0,Komersial,Baik,tinggi,92014,17.66,611261629525
Wonocolo,Lainnya,7250.57,Perumahan,Baik,tinggi,75315,7.5,32264741753
Sambikerep,HGB,8703.0,Industri,Buruk,tinggi,63778,16.6,13504849157
Genteng,SHM,5252.0,Komersial,Buruk,tinggi,52924,3.1,48922324615
Lakarsantri,HGB,560.0,Industri,Baik,rendah,59256,17.08,868977999
Sukolilo,Lainnya,6001.29,Perumahan,Baik,rendah,110557,3.42,36971967912
Bulak,HGB,8446.25,Industri,Baik,rendah,43764,8.55,17919087212
Bulak,SHM,3745.63,Perumahan,Buruk,rendah,43764,16.15,8601214862
Lakarsantri,SHM,575.0,Industri,Baik,tinggi,59256,3.85,892254196
Genteng,HGB,7141.0,Komersial,Buruk,rendah,52924,5.36,66518339694
Tegalsari,HGB,1170.0,Komersial,Baik,rendah,92014,14.72,11971678578
Asemrowo,Lainnya,7898.69,Industri,Buruk,tinggi,45547,14.68,28488427891
Pabean Cantikan,HGB,311.28,Komersial,Buruk,tinggi,75315,13.18,1363252146
Dukuh Pakis,Lainnya,5007.63,Industri,Buruk,tinggi,56707,14.19,36441986773
Mulyorejo,SHM,332.59,Perumahan,Baik,tinggi,86545,11.31,685085084
Rungkut,HGB,450.0,Perumahan,Buruk,rendah,123757,5.78,1591442266
Gunung Anyar,HGB,630.0,Industri,Buruk,rendah,62482,7.57,1763848512
Bulak,Lainnya,4553.13,Perumahan,Buruk,tinggi,43764,4.45,10239246428
Semampir,Lainnya,8268.61,Perumahan,Buruk,tinggi,172669,18.26,23134720443
Karang Pilang,SHM,4580.4,Industri,Buruk,rendah,75315,12.08,11845416232
Karang Pilang,HGB,1340.16,Industri,Baik,rendah,75315,8.62,3511832663
Bulak,SHM,7400.15,Komersial,Buruk,rendah,43764,9.78,16127584215
Jambangan,SHM,3070.46,Industri,Baik,tinggi,50470,19.0,10710216504
Simokerto,SHM,3460.28,Industri,Buruk,rendah,86897,3.91,12848030343
Wonocolo,SHM,6037.76,Industri,Baik,rendah,75315,12.14,26496952311
Gayungan,Lainnya,9105.85,Industri,Buruk,tinggi,41289,10.61,43612386757
Pabean Cantikan,Lainnya,6851.45,Industri,Baik,rendah,75315,12.62,31428274696
Benowo,Lainnya,2493.0,Industri,Buruk,rendah,69938,1.34,3868503843
Tenggilis Mejoyo,HGB,8794.93,Industri,Buruk,tinggi,61187,17.57,38933541716
Krembangan,HGB,1931.23,Industri,Baik,rendah,109027,18.71,9621929313
Asemrowo,HGB,7849.23,Industri,Baik,rendah,45547,11.74,28293572608
Bubutan,HGB,2993.62,Perumahan,Buruk,rendah,90646,14.24,17619378168
Wiyung,Lainnya,1081.0,Industri,Buruk,rendah,71605,18.53,2301600823
Gubeng,Lainnya,1167.0,Komersial,Baik,rendah,123961,14.44,9870392881
Sawahan,HGB,1036.0,Perumahan,Baik,rendah,188693,3.9,2205789503
Gubeng,Lainnya,5961.0,Komersial,Baik,rendah,123961,11.95,50417662353
Wonokromo,Lainnya,4000.0,Komersial,Baik,rendah,144650,12.53,33831680827
Simokerto,HGB,7717.23,Komersial,Baik,rendah,86897,9.06,26185289108
Wonocolo,Lainnya,7701.47,Perumahan,Buruk,rendah,75315,14.99,30917042915
Jambangan,HGB,2811.37,Perumahan,Baik,rendah,50470,18.75,11507296532
Jambangan,HGB,1466.57,Industri,Baik,rendah,50470,18.59,5725133427
Pabean Cantikan,SHM,7357.26,Komersial,Buruk,rendah,75315,9.57,32292365860
Sambikerep,Lainnya,480.0,Komersial,Buruk,rendah,63778,3.15,744838285
Krembangan,HGB,8154.23,Industri,Baik,tinggi,109027,19.71,40411197311
Gayungan,SHM,850.84,Perumahan,Buruk,tinggi,41289,16.94,3756268020
Asemrowo,Lainnya,6538.52,Industri,Baik,tinggi,45547,3.37,24130464219
Sukolilo,Lainnya,1328.53,Perumahan,Baik,rendah,110557,18.5,7950637553
Gayungan,Lainnya,9823.92,Komersial,Baik,tinggi,41289,17.53,42561935095
Bubutan,SHM,6718.73,Komersial,Buruk,tinggi,90646,10.86,38693950656
Mulyorejo,HGB,809.96,Perumahan,Baik,rendah,86545,12.23,1739092837
Gayungan,SHM,6117.68,Komersial,Baik,rendah,41289,8.58,28696738479
Wonocolo,HGB,1822.21,Perumahan,Baik,rendah,75315,2.04,7441289205
Kenjeran,Lainnya,893.0,Perumahan,Buruk,rendah,181325,7.37,2500185271
Tegalsari,SHM,8034.0,Komersial,Baik,rendah,92014,16.25,82205526233
Tenggilis Mejoyo,SHM,2000.09,Komersial,Buruk,rendah,61187,1.09,8685601926
Tegalsari,HGB,7490.0,Komersial,Buruk,tinggi,92014,7.34,76639207304
Sukolilo,Lainnya,9870.56,Perumahan,Baik,tinggi,110557,8.57,60772011788
Pabean Cantikan,HGB,264.89,Komersial,Buruk,tinggi,75315,11.21,1275427804
Kenjeran,SHM,9628.0,Perumahan,Buruk,rendah,181325,18.48,26956084873
Sukomanunggal,SHM,330.0,Industri,Buruk,rendah,101259,7.58,2791113668
Tenggilis Mejoyo,HGB,9193.76,Industri,Buruk,rendah,61187,7.59,48303061252
Simokerto,Lainnya,6165.87,Industri,Baik,tinggi,86897,15.01,22445160597
Wonocolo,Lainnya,7674.47,Perumahan,Buruk,rendah,75315,9.59,34401595752
Bulak,SHM,6734.88,Komersial,Buruk,rendah,43764,5.27,15052163742
Sukolilo,HGB,9376.89,Perumahan,Baik,tinggi,110557,9.6,60014209254
Gayungan,SHM,6929.04,Komersial,Baik,rendah,41289,3.68,30632271168
Sambikerep,Lainnya,624.0,Perumahan,Buruk,tinggi,63778,4.35,968289771
Bubutan,Lainnya,81.95,Industri,Buruk,tinggi,90646,10.47,453290526
Tambaksari,HGB,980.0,Perumahan,Buruk,tinggi,214966,8.96,3465807602
Dukuh Pakis,SHM,8167.08,Industri,Buruk,rendah,56707,18.38,65303574530
Sambikerep,HGB,626.0,Perumahan,Buruk,tinggi,63778,7.89,971393263
Gayungan,Lainnya,9879.69,Industri,Buruk,tinggi,41289,12.03,44415305795
Tegalsari,Lainnya,5252.0,Komersial,Baik,rendah,92014,13.01,53739534948
Gunung Anyar,Lainnya,1916.0,Perumahan,Baik,tinggi,62482,1.25,5364339283
Sawahan,HGB,300.0,Perumahan,Buruk,rendah,188693,13.61,638742134
Sawahan,Lainnya,1125.0,Perumahan,Buruk,rendah,188693,4.38,2395283003
Tenggilis Mejoyo,HGB,1381.16,Komersial,Buruk,tinggi,61187,19.26,6598180075
Jambangan,SHM,641.32,Industri,Baik,tinggi,50470,3.82,2499380941
Kenjeran,Lainnya,350.0,Perumahan,Baik,rendah,181325,8.88,979915840
Wiyung,SHM,820.0,Perumahan,Baik,tinggi,71605,2.62,1745895166
Sukomanunggal,HGB,200.0,Industri,Buruk,rendah,101259,19.94,1691584041
Wonocolo,Lainnya,7060.49,Perumahan,Buruk,tinggi,75315,10.54,31381811786
Asemrowo,Lainnya,829.86,Industri,Baik,tinggi,45547,12.31,2986571205
Gunung Anyar,SHM,14000.0,Komersial,Buruk,rendah,62482,2.27,39196633591
Tenggilis Mejoyo,SHM,2565.18,Perumahan,Baik,tinggi,61187,15.25,12237198825
Genteng,SHM,1684.0,Komersial,Buruk,tinggi,52924,4.99,15686442241
Pakal,SHM,4329.64,Industri,Buruk,rendah,59971,18.06,8285528827
Tandes,Lainnya,4069.4,Perumahan,Buruk,tinggi,87511,4.9,12345263484
Bubutan,SHM,9347.35,Komersial,Buruk,tinggi,90646,4.62,57758753879
Tegalsari,Lainnya,1840.0,Komersial,Baik,rendah,92014,1.69,18827255199
Benowo,SHM,160.0,Industri,Buruk,rendah,69938,9.97,248279428
Gunung Anyar,Lainnya,800.0,Komersial,Buruk,rendah,62482,11.73,2239807634
Wiyung,HGB,400.0,Komersial,Buruk,tinggi,71605,2.25,851656179
Sawahan,SHM,9021.0,Perumahan,Baik,tinggi,188693,15.74,19206975970
Mulyorejo,SHM,13275.91,Industri,Buruk,rendah,86545,9.61,27031935145
Simokerto,SHM,5967.18,Komersial,Buruk,tinggi,86897,10.96,22507028625
Wiyung,HGB,564.0,Perumahan,Baik,rendah,71605,9.37,1200835212
Semampir,SHM,4002.12,Perumahan,Baik,rendah,172669,8.61,10230163999
Gubeng,HGB,1800.0,Komersial,Buruk,rendah,123961,11.63,15224256372
Jambangan,SHM,3046.26,Industri,Baik,tinggi,50470,3.95,10871026183
Pabean Cantikan,SHM,730.47,Industri,Buruk,rendah,75315,4.46,3366733268
Krembangan,SHM,2177.21,Industri,Buruk,rendah,109027,17.37,11396546290
Dukuh Pakis,HGB,10147.82,Perumahan,Buruk,tinggi,56707,18.98,74445781927
Sukomanunggal,HGB,287.0,Industri,Baik,rendah,101259,8.09,2427423099
Wiyung,HGB,300.0,Perumahan,Buruk,rendah,71605,6.14,638742134
Sawahan,HGB,2250.0,Perumahan,Baik,rendah,188693,13.24,4790566005
Gunung Anyar,Lainnya,510.0,Perumahan,Buruk,rendah,62482,8.77,1427877367
Genteng,Lainnya,6060.0,Komersial,Buruk,tinggi,52924,1.48,56448836094
Wonokromo,SHM,5252.0,Komersial,Buruk,tinggi,144650,3.97,44420996926
Sukolilo,HGB,8600.33,Perumahan,Baik,tinggi,110557,14.6,50152980376
Kenjeran,Lainnya,283.0,Perumahan,Buruk,tinggi,181325,13.52,792331950
Tenggilis Mejoyo,HGB,1373.94,Komersial,Buruk,tinggi,61187,1.51,6759640065
Sawahan,SHM,294.0,Perumahan,Baik,rendah,188693,5.22,625967291
Wonocolo,SHM,8171.46,Komersial,Baik,rendah,75315,5.39,31860019934
Rungkut,HGB,447.0,Perumahan,Buruk,rendah,123757,13.77,1580832651
Sukolilo,SHM,4416.67,Perumahan,Buruk,rendah,110557,1.37,25168606429
Sambikerep,SHM,810.0,Komersial,Buruk,tinggi,63778,2.98,1256914606
Sambikerep,SHM,1125.0,Komersial,Baik,rendah,63778,16.2,1745714731
Pakal,SHM,2850.11,Industri,Baik,rendah,59971,4.39,4812827474
Bubutan,SHM,830.48,Komersial,Buruk,tinggi,90646,13.4,5025710180
Asemrowo,Lainnya,5952.04,Industri,Baik,tinggi,45547,5.53,23415661733
Sambikerep,SHM,407.0,Industri,Buruk,rendah,63778,2.89,631560796
Mulyorejo,SHM,791.57,Industri,Buruk,rendah,86545,5.62,1809011507
Mulyorejo,HGB,971.72,Komersial,Buruk,rendah,86545,14.72,2092544748
Semampir,Lainnya,8968.72,Perumahan,Baik,rendah,172669,17.26,25044697216
Dukuh Pakis,HGB,5052.27,Komersial,Baik,tinggi,56707,16.77,37328326675
Jambangan,HGB,1490.42,Industri,Baik,rendah,50470,8.55,5368550652
Lakarsantri,Lainnya,114.0,Komersial,Buruk,rendah,59256,13.69,176899093
Kenjeran,SHM,150.0,Perumahan,Buruk,rendah,181325,4.89,419963931
Wonokromo,SHM,630.0,Komersial,Buruk,tinggi,144650,6.57,5328489730
Gayungan,Lainnya,10330.31,Komersial,Baik,tinggi,41289,18.03,41570264918
Sambikerep,HGB,283.0,Komersial,Buruk,tinggi,63778,1.25,439144239
Tegalsari,Lainnya,6850.0,Komersial,Baik,rendah,92014,2.62,70090596800
Bubutan,Lainnya,7456.26,Perumahan,Buruk,rendah,90646,4.95,44288513277
Mulyorejo,SHM,4655.51,Perumahan,Baik,tinggi,86545,1.5,10926235454
Dukuh Pakis,SHM,6491.02,Komersial,Buruk,tinggi,56707,4.45,46071614579
Tenggilis Mejoyo,HGB,6685.51,Perumahan,Baik,rendah,61187,12.08,31923888698
Tambaksari,SHM,7000.0,Perumahan,Baik,rendah,214966,9.01,24755768584
Gayungan,SHM,2748.97,Komersial,Buruk,rendah,41289,17.96,11890315727
Tegalsari,Lainnya,110.0,Komersial,Baik,rendah,92014,16.53,1125542430
Sukomanunggal,SHM,354.0,Industri,Buruk,rendah,101259,7.49,2994103753
Pabean Cantikan,Lainnya,1505.0,Industri,Buruk,rendah,75315,5.93,7080873088
Semampir,HGB,966.01,Industri,Buruk,rendah,172669,8.21,2506271822
Gayungan,SHM,4842.28,Komersial,Buruk,tinggi,41289,12.22,22528999951
Krembangan,Lainnya,8275.79,Industri,Buruk,tinggi,109027,6.09,43021995016
Kenjeran,SHM,544.0,Perumahan,Buruk,tinggi,181325,12.86,1523069191
Sawahan,SHM,1954.0,Perumahan,Baik,rendah,188693,8.78,4160340433
Tenggilis Mejoyo,SHM,1482.27,Komersial,Baik,rendah,61187,11.49,6965344624
Gunung Anyar,Lainnya,2022.0,Perumahan,Buruk,rendah,62482,9.29,5661113794
Tandes,HGB,8322.8,Komersial,Buruk,rendah,87511,6.59,24906283319
Mulyorejo,HGB,771.66,Perumahan,Baik,rendah,86545,19.02,1729879126
Genteng,HGB,7771.0,Komersial,Baik,tinggi,52924,15.51,72386783051
Krembangan,SHM,4020.32,Industri,Baik,tinggi,109027,3.66,21730490816
Rungkut,Lainnya,1684.0,Perumahan,Baik,tinggi,123757,17.5,5955530614
Karang Pilang,Lainnya,4060.51,Industri,Baik,tinggi,75315,10.26,11237698246
Gayungan,Lainnya,3533.12,Komersial,Buruk,rendah,41289,18.0,15665563264
Rungkut,SHM,10716.0,Perumahan,Buruk,rendah,123757,16.2,37897545164
Tenggilis Mejoyo,Lainnya,9424.19,Komersial,Baik,rendah,61187,9.08,41646946455
Asemrowo,HGB,7707.67,Industri,Baik,rendah,45547,1.43,26823098212
Sukomanunggal,HGB,1884.0,Industri,Buruk,rendah,101259,6.1,15934721670
Pakal,Lainnya,7471.42,Industri,Buruk,tinggi,59971,11.29,13447613283
Benowo,SHM,4284.0,Industri,Buruk,tinggi,69938,13.04,6647681694
Tegalsari,SHM,1717.0,Komersial,Buruk,tinggi,92014,5.9,17568694118
Lakarsantri,Lainnya,450.0,Komersial,Buruk,rendah,59256,3.65,698285892
Wonokromo,SHM,623.0,Komersial,Buruk,rendah,144650,16.86,5269284289
Jambangan,SHM,7407.06,Perumahan,Buruk,rendah,50470,19.7,24035529648
Semampir,HGB,896.07,Industri,Buruk,rendah,172669,10.99,2262319416
Simokerto,HGB,3919.37,Industri,Buruk,rendah,86897,4.26,15225172010
Dukuh Pakis,Lainnya,2005.94,Komersial,Buruk,tinggi,56707,6.17,13980315754
Gunung Anyar,SHM,6164.0,Perumahan,Buruk,rendah,62482,1.35,17257717818
Semampir,SHM,6475.06,Industri,Buruk,tinggi,172669,18.37,18213309898
Gunung Anyar,SHM,500.0,Industri,Buruk,rendah,62482,3.24,1399879771
Dukuh Pakis,SHM,4083.41,Perumahan,Baik,rendah,56707,11.95,30113009946
Asemrowo,Lainnya,5535.42,Industri,Baik,tinggi,45547,6.21,21825950241
Gayungan,Lainnya,3566.55,Komersial,Buruk,rendah,41289,11.53,17155425730
Wonocolo,HGB,9681.19,Perumahan,Buruk,rendah,75315,13.38,41363859910
Gayungan,SHM,3120.61,Komersial,Buruk,rendah,41289,16.77,13941442504
Bubutan,Lainnya,2848.15,Komersial,Baik,tinggi,90646,4.92,17821339894
Wonokromo,SHM,634.0,Komersial,Baik,tinggi,144650,1.21,5362321411
Tenggilis Mejoyo,Lainnya,2987.79,Komersial,Baik,tinggi,61187,3.6,13645072468
Bubutan,Lainnya,78.79,Industri,Buruk,tinggi,90646,18.1,499387240
Mulyorejo,Lainnya,534.67,Komersial,Baik,rendah,86545,17.6,1098767151
Bubutan,Lainnya,2590.43,Komersial,Baik,tinggi,90646,12.35,15010339162
Gunung Anyar,HGB,4869.0,Perumahan,Buruk,rendah,62482,12.41,13632029211
Sawahan,SHM,2000.0,Perumahan,Baik,rendah,188693,13.64,4258280893
Mulyorejo,SHM,35717.75,Industri,Buruk,tinggi,86545,4.33,75606238230
Gayungan,SHM,888.89,Perumahan,Buruk,tinggi,41289,18.37,4123592680
Jambangan,SHM,651.94,Industri,Baik,tinggi,50470,8.96,2372065831
Sukolilo,HGB,3867.12,Perumahan,Baik,tinggi,110557,8.28,23240456874
Asemrowo,HGB,7151.91,Industri,Buruk,rendah,45547,10.86,29385287881
Sukomanunggal,Lainnya,525.0,Industri,Buruk,tinggi,101259,1.89,4440408109
Pakal,Lainnya,9056.9,Industri,Buruk,rendah,59971,4.16,16425296537
Mulyorejo,HGB,1478.08,Industri,Baik,rendah,86545,15.02,3068020162
Wonokromo,SHM,298.0,Komersial,Buruk,rendah,144650,2.57,2520460222
Lakarsantri,Lainnya,95.0,Perumahan,Baik,rendah,59256,12.46,147415911
Pabean Cantikan,Lainnya,1485.71,Industri,Buruk,rendah,75315,5.66,6494377159
Wonokromo,HGB,1053.0,Komersial,Baik,rendah,144650,8.4,8906189978
Tegalsari,HGB,1125.0,Komersial,Buruk,rendah,92014,6.49,11511229401
Dukuh Pakis,Lainnya,7555.06,Industri,Baik,tinggi,56707,7.76,54708583473
Tegalsari,HGB,400.0,Komersial,Buruk,rendah,92014,14.66,4092881565
Gunung Anyar,Lainnya,1540.0,Perumahan,Baik,tinggi,62482,6.65,4311629695
Rungkut,Lainnya,20000.0,Perumahan,Baik,tinggi,123757,11.76,70730767383
Tenggilis Mejoyo,HGB,1233.92,Perumahan,Baik,tinggi,61187,10.04,6359826742
Pakal,SHM,3125.62,Industri,Buruk,tinggi,59971,13.61,5907065065
Simokerto,HGB,3912.76,Industri,Baik,tinggi,86897,18.8,15446936404
Wiyung,SHM,5767.0,Perumahan,Baik,rendah,71605,14.92,12278752956
Simokerto,SHM,227.62,Industri,Baik,tinggi,86897,5.08,855692493
Wonocolo,HGB,1549.97,Komersial,Baik,tinggi,75315,1.59,6798107824
Tambaksari,Lainnya,22800.0,Perumahan,Baik,rendah,214966,5.98,80633074817
Genteng,SHM,2429.0,Komersial,Buruk,tinggi,52924,12.31,22626109385
Krembangan,SHM,2067.11,Industri,Buruk,rendah,109027,1.98,9729862608
Mulyorejo,SHM,17076.68,Komersial,Buruk,rendah,86545,10.43,42732498615
Rungkut,Lainnya,2200.0,Perumahan,Baik,rendah,123757,12.34,7780384412
Kenjeran,SHM,6500.0,Perumahan,Buruk,rendah,181325,7.35,18198437025
Mulyorejo,HGB,622.34,Industri,Buruk,tinggi,86545,15.65,1296489738
Tambaksari,HGB,181.0,Perumahan,Buruk,rendah,214966,3.03,640113445
Bulak,HGB,3638.39,Industri,Baik,tinggi,43764,2.43,8950636789
Sukomanunggal,HGB,1.0,Industri,Buruk,tinggi,101259,14.84,8457920
Bubutan,Lainnya,80.89,Industri,Buruk,tinggi,90646,10.41,446379717
Krembangan,Lainnya,7943.27,Industri,Buruk,tinggi,109027,14.08,43806420989
Tambaksari,HGB,6920.0,Perumahan,Baik,rendah,214966,9.26,24472845515
Lakarsantri,SHM,800.0,Perumahan,Baik,tinggi,59256,5.68,1241397142
Jambangan,HGB,4680.86,Komersial,Buruk,rendah,50470,16.56,17754892520
Tandes,SHM,2824.2,Industri,Buruk,tinggi,87511,16.19,8290483871
Tambaksari,Lainnya,817.0,Perumahan,Baik,tinggi,214966,14.2,2889351848
Sukomanunggal,Lainnya,1840.0,Industri,Buruk,tinggi,101259,6.17,15562573181
Genteng,HGB,212.0,Komersial,Buruk,tinggi,52924,12.21,1974777764
Sukomanunggal,Lainnya,7575.0,Industri,Buruk,tinggi,101259,7.86,64068745567
Sambikerep,HGB,8408.0,Komersial,Buruk,tinggi,63778,2.74,13047083961
Genteng,HGB,3700.0,Komersial,Baik,tinggi,52924,18.43,34465460981
Tandes,SHM,3050.4,Industri,Buruk,tinggi,87511,3.6,10007425344
Asemrowo,Lainnya,839.79,Industri,Baik,tinggi,45547,19.05,3178242322
Pakal,Lainnya,4486.19,Industri,Buruk,tinggi,59971,9.47,8118758764
